10.0;0.0
40.0;4322.0
60.0;3464.0
70.0;4981.0
80.0;3437.0
110.0;5137.0
140.0;3269.0
180.0;5961.0
200.0;3069.0
250.0;5925.0
290.0;3995.0
330.0;5881.0
380.0;3238.0
430.0;7389.0
440.0;2259.0
450.0;3632.0
460.0;2202.0
480.0;2189.0
490.0;2947.0
500.0;2202.0
510.0;3224.0
530.0;2219.0
550.0;2536.0
560.0;2218.0
570.0;3544.0
590.0;2183.0
600.0;3652.0
620.0;2186.0
630.0;3478.0
640.0;1682.0
650.0;2550.0
690.0;1726.0
700.0;2990.0
710.0;1593.0
730.0;3023.0
740.0;1579.0
750.0;1892.0
770.0;1583.0
800.0;1888.0
810.0;1606.0
820.0;2928.0
830.0;1735.0
840.0;2182.0
850.0;2230.0
860.0;2197.0
870.0;2218.0
880.0;3469.0
900.0;2184.0
920.0;3354.0
940.0;2195.0
950.0;3289.0
980.0;2202.0
990.0;2659.0
1010.0;2191.0
1040.0;2359.0
1060.0;1613.0
1090.0;1585.0
1100.0;2354.0
1110.0;1744.0
1120.0;1596.0
1130.0;1651.0
1150.0;1579.0
1160.0;2949.0
1170.0;2311.0
1190.0;3059.0
1200.0;1735.0
1210.0;2560.0
1230.0;1598.0
1250.0;3151.0
1260.0;2264.0
1280.0;2192.0
1300.0;2974.0
1310.0;2194.0
1330.0;2956.0
1350.0;2238.0
1360.0;3863.0
1380.0;2239.0
1400.0;2335.0
1410.0;2194.0
1420.0;2981.0
1430.0;2249.0
1440.0;5865.0
1450.0;1791.0
1460.0;2137.0
1480.0;1581.0
1490.0;2302.0
1510.0;1582.0
1520.0;1912.0
1540.0;1579.0
1560.0;2802.0
1570.0;1594.0
1590.0;2580.0
1610.0;1598.0
1630.0;2249.0
1660.0;1380.0
1680.0;2248.0
1700.0;1422.0
1720.0;2579.0
1740.0;1587.0
1760.0;6311.0
1770.0;5864.0
1790.0;6336.0
1810.0;5832.0
1820.0;6314.0
1840.0;6191.0
1850.0;6317.0
1860.0;6013.0
1870.0;6590.0
1890.0;6361.0
1920.0;8229.0
1940.0;6355.0
1950.0;6543.0
1960.0;6582.0
1970.0;6500.0
1990.0;8141.0
2010.0;6240.0
2030.0;6621.0
2040.0;6273.0
2060.0;8111.0
2080.0;6684.0
2090.0;6771.0
2110.0;6571.0
2130.0;8251.0
2140.0;6755.0
2150.0;6475.0
2160.0;6852.0
2180.0;6234.0
2200.0;8252.0
2230.0;6477.0
2250.0;6522.0
2260.0;6361.0
2270.0;6620.0
2290.0;6300.0
2320.0;6762.0
2340.0;6410.0
2350.0;7352.0
2360.0;6489.0
2380.0;6603.0
2390.0;6440.0
2410.0;8212.0
2430.0;6766.0
2470.0;6162.0
2490.0;6588.0
2530.0;6204.0
2550.0;6740.0
2560.0;6279.0
2570.0;6300.0
2580.0;6269.0
2600.0;6678.0
2610.0;6308.0
2630.0;8188.0
2650.0;6235.0
2670.0;6719.0
2680.0;6304.0
2700.0;8085.0
2720.0;6330.0
2730.0;6755.0
2750.0;6370.0
2770.0;8068.0
2790.0;6435.0
2800.0;6607.0
2820.0;6491.0
2840.0;8158.0
2880.0;6335.0
2920.0;7901.0
2930.0;6295.0
2970.0;6739.0
3000.0;6460.0
3040.0;6737.0
3050.0;6532.0
3090.0;6770.0
3100.0;6409.0
3120.0;8228.0
3140.0;6281.0
3150.0;6679.0
3170.0;6363.0
3190.0;8215.0
3210.0;6297.0
3220.0;6500.0
3240.0;6451.0
3260.0;8170.0
3280.0;6592.0
3290.0;8262.0
3300.0;8044.0
3310.0;8179.0
3320.0;6709.0
3340.0;8246.0
3350.0;6342.0
3380.0;6537.0
3390.0;5560.0
3400.0;5992.0
3420.0;5691.0
3430.0;6494.0
3460.0;5669.0
3490.0;6488.0
3500.0;5627.0
3540.0;8259.0
3560.0;6393.0
3580.0;8468.0
3600.0;5635.0
3630.0;6527.0
3640.0;5479.0
3660.0;6093.0
3670.0;5427.0
3690.0;6565.0
3700.0;5367.0
3710.0;6448.0
3740.0;5751.0
3750.0;6272.0
3760.0;5476.0
3780.0;6531.0
3820.0;5535.0
3850.0;6440.0
3860.0;5500.0
3880.0;6313.0
3890.0;5564.0
3900.0;6415.0
3910.0;5448.0
3920.0;6489.0
3960.0;5551.0
3980.0;6466.0
4000.0;5452.0
4020.0;5616.0
4030.0;5482.0
4040.0;6509.0
4050.0;5998.0
4090.0;6546.0
4100.0;5534.0
4130.0;6426.0
4140.0;5534.0
4170.0;6232.0
4190.0;5609.0
4210.0;6096.0
4240.0;5859.0
4250.0;6520.0
4270.0;6186.0
4280.0;6292.0
4300.0;6178.0
4330.0;6382.0
4340.0;5994.0
4350.0;6833.0
4360.0;6366.0
4380.0;6893.0
4390.0;6440.0
4420.0;8663.0
4430.0;6546.0
4450.0;7708.0
4490.0;6350.0
4510.0;6973.0
4530.0;6877.0
4550.0;7082.0
4560.0;6609.0
4570.0;7180.0
4620.0;6090.0
4630.0;6960.0
4640.0;7074.0
4650.0;6748.0
4670.0;6969.0
4680.0;6326.0
4710.0;7389.0
4760.0;6296.0
4800.0;7479.0
4810.0;6215.0
4870.0;7494.0
4880.0;6816.0
4900.0;6631.0
4910.0;6981.0
4940.0;6649.0
4960.0;8639.0
4970.0;6683.0
4990.0;7043.0
5010.0;6386.0
5060.0;7507.0
5090.0;5989.0
5110.0;7627.0
5160.0;6246.0
5190.0;7318.0
5210.0;6997.0
5220.0;7234.0
5230.0;7014.0
5270.0;7834.0
5280.0;6299.0
5300.0;13900.000000000002
5310.0;7606.0
5320.0;7651.0
5350.0;7525.0
5370.0;7946.0
5420.0;6986.0
5440.0;7867.0
5450.0;7308.0
5460.0;8700.0
5480.0;6655.0
5520.0;8118.0
5550.0;6627.0
5600.0;8055.0
5620.0;6875.0
5650.0;10020.0
5660.0;7629.0
5680.0;7674.0
5700.0;7494.0
5710.0;8608.0
5740.0;7029.0
5780.0;7640.0
5810.0;6964.0
5830.0;13470.000000000002
5840.0;8288.0
5870.0;6918.0
5910.0;8154.0
5940.0;6735.0
5970.0;7099.0
5980.0;6997.0
5990.0;7469.0
6030.0;6581.0
6060.0;7087.0
6070.0;6317.0
6080.0;6846.0
6090.0;6343.0
6100.0;6972.0
6120.0;6800.0
6130.0;7115.0
6140.0;6432.0
6180.0;7352.0
6220.0;6376.0
6250.0;13580.000000000002
6270.0;6121.0
6320.0;7369.0
6350.0;6479.0
6370.0;6960.0
6390.0;6930.0
6420.0;6261.0
6450.0;6981.0
6460.0;14300.000000000002
6470.0;7086.0
6480.0;6734.0
6500.0;7463.0
6520.0;6180.0
6570.0;7012.0
6610.0;6211.0
6650.0;7550.0
6680.0;6381.0
6700.0;6707.0
6710.0;10710.0
6730.0;7294.0
6740.0;7347.0
6750.0;7231.0
6780.0;7478.0
6790.0;8086.0
6800.0;7668.0
6810.0;7584.0
6820.0;7784.0
6830.0;7431.0
6840.0;7531.0
6860.0;7471.0
6870.0;7234.0
6880.0;7453.0
6890.0;7168.0
6900.0;7643.0
6920.0;7557.0
6930.0;6939.0
6980.0;8065.0
7000.0;6627.0
7040.0;8060.0
7080.0;6686.0
7090.0;7912.0
7100.0;7550.0
7120.0;8189.0
7140.0;7399.0
7150.0;10470.0
7180.0;7277.0
7200.0;14040.000000000002
7220.0;6749.0
7230.0;7447.0
7250.0;7618.0
7260.0;7223.0
7300.0;8143.0
7340.0;6704.0
7360.0;8073.0
7380.0;7373.0
7390.0;7639.0
7400.0;9069.0
7410.0;6819.0
7440.0;8164.0
7470.0;6274.0
7510.0;7035.0
7520.0;13660.000000000002
7540.0;6148.0
7560.0;7027.0
7580.0;6839.0
7590.0;7198.0
7610.0;6859.0
7620.0;7387.0
7630.0;6865.0
7670.0;6531.0
7690.0;7412.0
7700.0;6738.0
7720.0;6850.0
7750.0;6192.0
7770.0;7481.0
7810.0;6353.0
7840.0;7536.0
7860.0;6168.0
7920.0;7418.0
7940.0;6847.0
7980.0;7021.0
7990.0;6631.0
8000.0;6964.0
8020.0;6516.0
8040.0;7011.0
8060.0;6069.0
8110.0;7698.0
8140.0;6218.0
8170.0;7382.0
8210.0;5537.0
8250.0;8080.0
8280.0;7279.0
8310.0;7557.0
8320.0;7208.0
8330.0;7516.0
8340.0;7229.0
8380.0;7636.0
8390.0;6920.0
8430.0;8034.0
8480.0;6849.0
8490.0;8025.0
8530.0;6858.0
8560.0;8037.0
8600.0;7011.0
8650.0;7957.0
8670.0;6828.0
8710.0;9805.0
8720.0;7473.0
8730.0;7638.0
8740.0;7447.0
8750.0;7905.0
8790.0;7036.0
8820.0;7933.0
8860.0;7187.0
8870.0;13770.000000000002
8880.0;7155.0
8890.0;8031.0
8900.0;7990.0
8910.0;8092.0
8920.0;6795.0
8930.0;7477.0
8940.0;6939.0
8950.0;7522.0
8960.0;6921.0
8970.0;7647.0
8990.0;6238.0
9050.0;7184.0
9080.0;6708.0
9090.0;7014.0
9100.0;6823.0
9110.0;6949.0
9120.0;6477.0
9140.0;6930.0
9150.0;6717.0
9170.0;6944.0
9200.0;6245.0
9220.0;7564.0
9250.0;5909.0
9300.0;7475.0
9320.0;6252.0
9370.0;7246.0
9390.0;7034.0
9400.0;7374.0
9410.0;6867.0
9420.0;7057.0
9440.0;6985.0
9450.0;6390.0
9460.0;7057.0
9470.0;6403.0
9480.0;6990.0
9500.0;6885.0
9510.0;7093.0
9520.0;6330.0
9550.0;7510.0
9600.0;6300.0
9610.0;13840.000000000002
9620.0;7217.0
9660.0;6078.0
9700.0;7659.0
9730.0;6845.0
9760.0;7672.0
9800.0;7068.0
9820.0;7620.0
9830.0;7394.0
9870.0;7647.0
9880.0;8295.0
9910.0;7187.0
9920.0;11370.000000000002
9930.0;7033.0
9940.0;7552.0
9950.0;7138.0
9970.0;7560.0
10000.0;6889.0
10030.0;8292.0
10070.0;6717.0
10100.0;7973.0
10130.0;7131.0
10170.0;8122.0
10180.0;7483.0
10190.0;7408.0
10220.0;7564.0
10230.0;14370.000000000002
10250.0;6670.0
10270.0;7527.0
10300.0;7410.0
10310.0;6997.0
10360.0;8134.0
10380.0;6818.0
10420.0;8082.0
10450.0;6590.0
10460.0;7105.0
10470.0;6602.0
10500.0;7439.0
10530.0;6087.0
10570.0;7001.0
10590.0;5942.0
10610.0;6902.0
10640.0;6340.0
10680.0;7730.0
10710.0;6115.0
10740.0;7555.0
10750.0;6679.0
10770.0;7046.0
10790.0;6417.0
10820.0;7635.0
10850.0;6337.0
10890.0;6778.0
10900.0;7561.0
10930.0;6323.0
10940.0;6938.0
10950.0;6806.0
10970.0;7032.0
10990.0;6807.0
11000.0;7375.0
11040.0;6039.0
11070.0;7188.0
11120.0;6310.0
11160.0;7660.0
11170.0;6905.0
11180.0;12840.000000000002
11190.0;6528.0
11230.0;7994.0
11260.0;7035.0
11290.0;14250.000000000002
11300.0;8108.0
11330.0;6508.0
11350.0;7642.0
11370.0;7075.0
11390.0;7542.0
11400.0;7118.0
11410.0;7581.0
11430.0;7483.0
11440.0;6586.0
11470.0;7982.0
11510.0;6827.0
11560.0;8156.0
11590.0;6916.0
11630.0;8165.0
11660.0;6743.0
11670.0;7410.0
11690.0;7571.0
11700.0;7277.0
11710.0;13910.000000000002
11720.0;5688.0
11760.0;8209.0
11770.0;7013.0
11810.0;8165.0
11840.0;7183.0
11870.0;8008.0
11920.0;6895.0
11950.0;8217.0
11980.0;6699.0
11990.0;6521.0
12020.0;6902.0
12030.0;7497.0
12050.0;6220.0
12060.0;6904.0
12080.0;6745.0
12090.0;7040.0
12100.0;8875.0
12110.0;6905.0
12130.0;7389.0
12170.0;6274.0
12200.0;7021.0
12250.0;6427.0
12290.0;7581.0
12300.0;6488.0
12350.0;7388.0
12370.0;6238.0
12410.0;9075.0
12440.0;7024.0
12460.0;6729.0
12480.0;7193.0
12500.0;6527.0
12510.0;7038.0
12540.0;5798.0
12550.0;6893.0
12570.0;6547.0
12600.0;7727.0
12630.0;6306.0
12660.0;6582.0
12670.0;7436.0
12710.0;6262.0
12740.0;8056.0
12780.0;7231.0
12810.0;7567.0
12820.0;7413.0
12830.0;7402.0
12840.0;7428.0
12850.0;6935.0
12870.0;7619.0
12890.0;7405.0
12900.0;7758.0
12920.0;7112.0
12930.0;8477.0
12940.0;7298.0
12960.0;7857.0
12980.0;6633.0
13000.0;7611.0
13040.0;6852.0
13080.0;8102.0
13100.0;6663.0
13150.0;7887.0
13180.0;6650.0
13220.0;7937.0
13230.0;7505.0
13250.0;7701.0
13290.0;7278.0
13300.0;9325.0
13310.0;7583.0
13320.0;7507.0
13330.0;7718.0
13370.0;6911.0
13420.0;8312.0
13450.0;6820.0
13480.0;7989.0
13490.0;12830.000000000002
13500.0;6349.0
13550.0;7499.0
13580.0;6150.0
13600.0;13190.000000000002
13610.0;6822.0
13620.0;7102.0
13630.0;6995.0
13640.0;6257.0
13660.0;7051.0
13690.0;6512.0
13730.0;7427.0
13770.0;6348.0
13790.0;7478.0
13820.0;6557.0
13850.0;6706.0
13860.0;7393.0
13880.0;7287.0
13900.0;6188.0
13950.0;7388.0
13980.0;6055.0
13990.0;7044.0
14000.0;6887.0
14020.0;7056.0
14030.0;6724.0
14050.0;7161.0
14060.0;6795.0
14080.0;7066.0
14100.0;6227.0
14120.0;9372.0
14130.0;6964.0
14160.0;6322.0
14210.0;7617.0
14230.0;6023.0
14240.0;7333.0
14250.0;7106.0
14270.0;7829.0
14310.0;6881.0
14340.0;8078.0
14380.0;7269.0
14410.0;7658.0
14420.0;7129.0
14440.0;7496.0
14450.0;7228.0
14460.0;7614.0
14490.0;6996.0
14530.0;8105.0
14570.0;6814.0
14590.0;8257.0
14640.0;6626.0
14680.0;7975.0
14700.0;6743.0
14720.0;7551.0
14740.0;7323.0
14750.0;7802.0
14770.0;6930.0
14790.0;7512.0
14810.0;7262.0
14830.0;7571.0
14840.0;7392.0
14850.0;8042.0
14900.0;6748.0
14920.0;7887.0
14950.0;6881.0
14960.0;12940.000000000002
14970.0;6887.0
14980.0;7770.0
14990.0;7398.0
15010.0;7450.0
15020.0;6244.0
15080.0;7297.0
15100.0;6211.0
15140.0;7113.0
15160.0;6727.0
15170.0;7094.0
15180.0;6877.0
15200.0;6945.0
15220.0;6162.0
15250.0;7029.0
15290.0;6445.0
15320.0;7555.0
15370.0;6300.0
15390.0;7506.0
15430.0;6539.0
15460.0;7461.0
15500.0;6710.0
15540.0;6949.0
15570.0;6698.0
15600.0;7070.0
15620.0;6406.0
15650.0;7666.0
15700.0;6207.0
15710.0;7494.0
15770.0;7023.0
15790.0;7999.0
15800.0;14340.000000000002
15830.0;6972.0
15860.0;7669.0
15900.0;6961.0
15910.0;7676.0
15940.0;7249.0
15960.0;7634.0
15970.0;7453.0
15980.0;9743.0
16010.0;6960.0
16040.0;7866.0
16090.0;6847.0
16130.0;8235.0
16160.0;6693.0
16200.0;8064.0
16220.0;6936.0
16230.0;8037.0
16240.0;7456.0
16270.0;8004.0
16280.0;7449.0
16300.0;7704.0
16350.0;7098.0
16380.0;7862.0
16410.0;6734.0
16460.0;8136.0
16480.0;6662.0
16510.0;6789.0
16520.0;7462.0
16540.0;6384.0
16550.0;6468.0
16570.0;6430.0
16600.0;7519.0
16630.0;6131.0
16650.0;7172.0
16670.0;6289.0
16680.0;6987.0
16690.0;6637.0
16710.0;7073.0
16740.0;6276.0
16780.0;7577.0
16830.0;6281.0
16840.0;7440.0
16880.0;6306.0
16930.0;7531.0
16950.0;6045.0
17000.0;7236.0
17030.0;6281.0
17060.0;6998.0
17070.0;13440.000000000002
17080.0;7029.0
17090.0;6611.0
17100.0;7277.0
17140.0;6234.0
17170.0;12620.000000000002
17180.0;6905.0
17220.0;6249.0
17260.0;8274.0
17280.0;6656.0
17320.0;8029.0
17350.0;7050.0
17360.0;8229.0
17370.0;7292.0
17380.0;13270.000000000002
17390.0;8055.0
17430.0;7079.0
17440.0;7548.0
17470.0;7210.0
17480.0;7442.0
17490.0;7399.0
17500.0;7476.0
17520.0;7314.0
17530.0;7991.0
17540.0;6916.0
17580.0;8208.0
17610.0;6917.0
17650.0;8129.0
17670.0;6922.0
17730.0;8182.0
17750.0;7088.0
17800.0;7816.0
17820.0;7027.0
17860.0;7666.0
17870.0;6646.0
17920.0;8622.0
17930.0;7108.0
17950.0;7002.0
17970.0;8209.0
18020.0;6015.0
18050.0;7612.0
18090.0;6324.0
18120.0;7419.0
18150.0;6175.0
18180.0;9421.0
18190.0;6905.0
18230.0;7402.0
18270.0;6162.0
18290.0;7020.0
18330.0;6339.0
18340.0;6718.0
18350.0;6014.0
18390.0;7582.0
18400.0;6473.0
18420.0;6449.0
18450.0;7499.0
18470.0;6110.0
18490.0;7149.0
18500.0;6862.0
18520.0;7312.0
18530.0;6856.0
18540.0;7112.0
18550.0;6363.0
18560.0;6928.0
18570.0;6994.0
18590.0;6850.0
18600.0;6170.0
18640.0;6983.0
18670.0;6543.0
18700.0;7506.0
18730.0;6026.0
18770.0;8027.0
18820.0;6954.0
18830.0;7967.0
18840.0;7696.0
18850.0;7902.0
18860.0;13890.000000000002
18880.0;7134.0
18900.0;7576.0
18910.0;7367.0
18930.0;7532.0
18940.0;6755.0
18960.0;7680.0
18990.0;7289.0
19030.0;8141.0
19060.0;6883.0
19070.0;7293.0
19080.0;6814.0
19090.0;7805.0
19100.0;7325.0
19120.0;7627.0
19150.0;6694.0
19180.0;8172.0
19200.0;6543.0
19250.0;7959.0
19260.0;6792.0
19310.0;8072.0
19330.0;7595.0
19340.0;7685.0
19370.0;7413.0
19380.0;7693.0
19390.0;13850.000000000002
19400.0;7643.0
19420.0;7274.0
19450.0;8129.0
19470.0;6680.0
19490.0;8303.0
19530.0;6378.0
19550.0;6375.0
19570.0;7550.0
19600.0;6230.0
19640.0;7505.0
19680.0;6574.0
19690.0;6839.0
19700.0;6714.0
19710.0;9048.0
19740.0;6239.0
19770.0;7002.0
19790.0;6798.0
19810.0;6994.0
19820.0;7621.0
19870.0;6254.0
19890.0;7375.0
19940.0;5298.0
19970.0;7502.0
20000.0;6170.0
20030.0;7079.0
20040.0;6921.0
20050.0;7127.0
20060.0;6351.0
20090.0;7136.0
20100.0;6761.0
20110.0;6856.0
20120.0;6777.0
20150.0;7297.0
20190.0;6243.0
20220.0;6982.0
20230.0;7056.0
20250.0;6785.0
20270.0;6938.0
20310.0;8322.0
20340.0;7011.0
20370.0;8235.0
20400.0;6833.0
20420.0;7668.0
20440.0;7246.0
20450.0;7822.0
20480.0;7127.0
20490.0;7650.0
20500.0;7560.0
20510.0;7591.0
20520.0;6811.0
20530.0;7508.0
20540.0;7185.0
20550.0;7579.0
20570.0;7358.0
20580.0;7660.0
20590.0;6717.0
20630.0;8304.0
20650.0;6983.0
20660.0;7076.0
20670.0;6933.0
20690.0;7857.0
20740.0;6768.0
20760.0;8224.0
20800.0;7025.0
20820.0;7702.0
20830.0;7351.0
20840.0;7651.0
20870.0;7216.0
20900.0;7619.0
20910.0;7235.0
20920.0;7518.0
20930.0;7348.0
20950.0;8049.0
21010.0;6436.0
21020.0;6974.0
21060.0;6178.0
21080.0;7605.0
21090.0;7354.0
21110.0;7552.0
21120.0;6287.0
21150.0;6990.0
21160.0;13990.000000000002
21180.0;6646.0
21190.0;7034.0
21200.0;6154.0
21240.0;7336.0
21260.0;6976.0
21270.0;7265.0
21310.0;6600.0
21330.0;6979.0
21340.0;6529.0
21350.0;7028.0
21390.0;6018.0
21430.0;7393.0
21450.0;6287.0
21460.0;6741.0
21470.0;6249.0
21490.0;7435.0
21530.0;6415.0
21570.0;7465.0
21600.0;6538.0
21630.0;6953.0
21640.0;6842.0
21660.0;6940.0
21680.0;6677.0
21690.0;7014.0
21710.0;6586.0
21760.0;7546.0
21780.0;6676.0
21790.0;9626.0
21800.0;7309.0
21820.0;7962.0
21850.0;6683.0
21870.0;7861.0
21880.0;7900.0
21890.0;7830.0
21900.0;13970.000000000002
21910.0;7516.0
21930.0;7194.0
21940.0;7498.0
21960.0;7415.0
21970.0;8143.0
22000.0;6175.0
22010.0;7499.0
22030.0;7334.0
22040.0;7873.0
22060.0;7616.0
22070.0;7894.0
22120.0;7004.0
22140.0;8057.0
22180.0;6596.0
22190.0;9812.0
22200.0;7224.0
22230.0;8226.0
22250.0;7121.0
22290.0;8074.0
22310.0;6573.0
22360.0;8081.0
22400.0;7170.0
22420.0;7450.0
22440.0;7298.0
22460.0;7562.0
22470.0;7276.0
22480.0;7618.0
22490.0;7410.0
22500.0;7600.0
22510.0;6700.0
22550.0;7645.0
22590.0;6174.0
22610.0;7366.0
22650.0;6206.0
22690.0;7529.0
22730.0;6037.0
22760.0;7469.0
22790.0;6157.0
22810.0;6958.0
22840.0;6209.0
22870.0;7499.0
22920.0;6176.0
22940.0;7413.0
22970.0;6224.0
23020.0;7517.0
23060.0;6325.0
23090.0;7401.0
23110.0;6055.0
23140.0;7030.0
23150.0;6689.0
23160.0;7061.0
23170.0;6734.0
23210.0;7060.0
23240.0;6550.0
23260.0;7572.0
23280.0;7517.0
23290.0;7689.0
23320.0;6636.0
23350.0;8231.0
23380.0;6859.0
23410.0;8044.0
23440.0;7062.0
23460.0;7500.0
23470.0;7378.0
23490.0;14300.000000000002
23500.0;7500.0
23510.0;7562.0
23520.0;7406.0
23540.0;7640.0
23550.0;7413.0
23560.0;7559.0
23590.0;7107.0
23600.0;14480.000000000002
23610.0;7440.0
23640.0;6992.0
23670.0;8132.0
23700.0;6201.0
23740.0;7908.0
23770.0;6950.0
23830.0;8487.0
23850.0;7157.0
23900.0;7668.0
23920.0;6786.0
23950.0;8115.0
23960.0;7350.0
24000.0;8056.0
24050.0;6314.0
24060.0;7259.0
24120.0;6422.0
24150.0;7499.0
24180.0;6186.0
24220.0;7408.0
24230.0;6238.0
24290.0;7345.0
24300.0;6919.0
24320.0;7255.0
24360.0;6508.0
24380.0;6874.0
24390.0;6047.0
24400.0;6823.0
24410.0;6782.0
24420.0;6846.0
24440.0;6311.0
24480.0;7767.0
24500.0;6326.0
24520.0;6065.0
24540.0;7578.0
24580.0;6135.0
24600.0;7532.0
24630.0;6911.0
24640.0;8082.0
24650.0;6286.0
24670.0;7046.0
24690.0;6306.0
24700.0;6959.0
24720.0;6910.0
24730.0;7084.0
24760.0;6071.0
24800.0;8226.0
24810.0;7580.0
24850.0;7204.0
24860.0;8111.0
24910.0;6856.0
24930.0;7969.0
24940.0;8051.0
24960.0;7792.0
24970.0;6758.0
25020.0;8100.0
25040.0;6811.0
25060.0;7596.0
25070.0;7562.0
25090.0;7593.0
25110.0;7371.0
25120.0;7749.0
25160.0;6647.0
25190.0;7638.0
25200.0;7450.0
25210.0;7407.0
25220.0;7493.0
25240.0;6829.0
25270.0;7802.0
25280.0;14890.000000000002
25300.0;6938.0
25340.0;8208.0
25380.0;7020.0
25390.0;10120.0
25400.0;7614.0
25410.0;7950.0
25420.0;7544.0
25440.0;7737.0
25450.0;7254.0
25480.0;7734.0
25490.0;7005.0
25500.0;7661.0
25520.0;6815.0
25550.0;7051.0
25560.0;6663.0
25600.0;7528.0
25630.0;6024.0
25670.0;7355.0
25690.0;6535.0
25700.0;12870.000000000002
25710.0;6145.0
25760.0;7574.0
25780.0;6589.0
25800.0;7051.0
25850.0;6578.0
25860.0;7029.0
25890.0;6546.0
25930.0;7522.0
25970.0;6180.0
25990.0;7446.0
26000.0;6957.0
26010.0;13650.000000000002
26030.0;6413.0
26080.0;7587.0
26100.0;6364.0
26150.0;7205.0
26160.0;6370.0
26200.0;6935.0
26220.0;6745.0
26250.0;7613.0
26260.0;7002.0
26280.0;7428.0
26300.0;7008.0
26310.0;7659.0
26350.0;6875.0
26360.0;7195.0
26370.0;6886.0
26390.0;8261.0
26450.0;6495.0
26470.0;7940.0
26490.0;6770.0
26540.0;8007.0
26550.0;7428.0
26570.0;7616.0
26590.0;7484.0
26600.0;7615.0
26620.0;7082.0
26630.0;7631.0
26640.0;7288.0
26650.0;7596.0
26690.0;7058.0
26730.0;8164.0
26750.0;6821.0
26790.0;8036.0
26830.0;6949.0
26870.0;8120.0
26900.0;6714.0
26930.0;7707.0
26960.0;7226.0
26990.0;7466.0
27020.0;6918.0
27050.0;7462.0
27080.0;6412.0
27110.0;7154.0
27120.0;6898.0
27130.0;7034.0
27160.0;6190.0
27180.0;7613.0
27220.0;6424.0
27260.0;6889.0
27270.0;13700.000000000002
27290.0;6011.0
27340.0;7361.0
27410.0;6369.0
27430.0;7146.0
27450.0;6995.0
27470.0;7053.0
27480.0;6266.0
27530.0;7556.0
27550.0;6003.0
27590.0;7535.0
27610.0;6278.0
27640.0;7433.0
27660.0;6982.0
27670.0;7245.0
27680.0;6897.0
27700.0;7026.0
27750.0;6567.0
27790.0;7618.0
27810.0;7222.0
27830.0;7370.0
27840.0;8234.0
27880.0;6877.0
27920.0;7965.0
27960.0;6713.0
27990.0;8154.0
28020.0;7358.0
28040.0;7645.0
28070.0;7241.0
28080.0;7806.0
28090.0;6930.0
28130.0;7568.0
28140.0;6868.0
28180.0;7997.0
28220.0;6679.0
28240.0;8040.0
28250.0;7449.0
28290.0;7233.0
28310.0;8181.0
28350.0;7268.0
28370.0;7548.0
28380.0;7605.0
28390.0;7497.0
28400.0;7972.0
28430.0;7038.0
28440.0;7582.0
28450.0;7444.0
28460.0;7649.0
28490.0;7514.0
28500.0;7797.0
28540.0;6565.0
28580.0;6985.0
28620.0;5990.0
28630.0;7213.0
28640.0;7373.0
28650.0;7193.0
28660.0;7507.0
28670.0;6185.0
28690.0;6638.0
28700.0;6298.0
28720.0;7464.0
28750.0;6360.0
28770.0;8826.0
28780.0;6990.0
28790.0;7320.0
28830.0;6760.0
28840.0;7039.0
28860.0;6985.0
28870.0;6077.0
28900.0;6991.0
28920.0;6736.0
28930.0;6985.0
28940.0;6296.0
28980.0;7481.0
29010.0;6639.0
29040.0;7473.0
29090.0;6343.0
29130.0;7489.0
29160.0;6483.0
29170.0;6994.0
29200.0;6243.0
29210.0;7048.0
29220.0;5246.0
29230.0;7287.0
29240.0;7551.0
29250.0;7450.0
29270.0;6857.0
29310.0;8066.0
29340.0;6930.0
29370.0;7934.0
29410.0;6874.0
29450.0;8069.0
29490.0;6843.0
29500.0;7480.0
29510.0;7282.0
29530.0;7359.0
29550.0;6868.0
29570.0;7556.0
29580.0;7372.0
29600.0;7666.0
29610.0;7550.0
29620.0;7589.0
29630.0;8279.0
29640.0;7395.0
29650.0;7619.0
29680.0;6954.0
29690.0;7808.0
29730.0;6892.0
29790.0;8271.0
29800.0;6815.0
29850.0;7887.0
29880.0;7133.0
29920.0;7909.0
29940.0;7508.0
29950.0;7825.0
30000.0;6444.0
30010.0;7051.0
30030.0;6946.0
30040.0;7004.0
30080.0;6174.0
30100.0;7524.0
30130.0;6192.0
30180.0;7300.0
30200.0;6286.0
30220.0;13850.000000000002
30230.0;7010.0
30250.0;7491.0
30290.0;6720.0
30310.0;6911.0
30330.0;6009.0
30340.0;6958.0
30350.0;6582.0
30380.0;6898.0
30390.0;6495.0
30400.0;7069.0
30440.0;7431.0
30460.0;6020.0
30500.0;7375.0
30530.0;5730.0
30580.0;7611.0
30610.0;6425.0
30650.0;7513.0
30680.0;6740.0
30710.0;6948.0
30720.0;7658.0
30730.0;7260.0
30740.0;7547.0
30750.0;7445.0
30760.0;8099.0
30790.0;7005.0
30830.0;8088.0
30840.0;7603.0
30850.0;13820.000000000002
30870.0;6882.0
30900.0;10430.0
30940.0;6825.0
30960.0;7661.0
30990.0;7414.0
31000.0;6569.0
31020.0;7577.0
31030.0;7542.0
31040.0;7592.0
31060.0;7520.0
31080.0;7583.0
31090.0;10800.0
31120.0;7228.0
31130.0;7294.0
31140.0;7172.0
31150.0;7625.0
31170.0;7442.0
31180.0;7853.0
31200.0;6718.0
31220.0;8021.0
31240.0;7785.0
31250.0;8203.0
31270.0;6770.0
31280.0;10000.0
31290.0;7449.0
31310.0;7934.0
31320.0;6994.0
31370.0;7558.0
31380.0;8151.0
31390.0;7560.0
31400.0;7718.0
31430.0;7489.0
31480.0;6560.0
31510.0;7138.0
31530.0;6130.0
31550.0;7407.0
31570.0;7422.0
31590.0;6325.0
31630.0;7335.0
31670.0;5982.0
31710.0;9134.0
31720.0;6802.0
31740.0;6360.0
31760.0;7034.0
31820.0;6771.0
31830.0;6989.0
31840.0;5909.0
31890.0;7488.0
31920.0;6279.0
31960.0;7233.0
32000.0;6162.0
32040.0;7594.0
32070.0;6600.0
32090.0;7520.0
32140.0;6079.0
32160.0;7050.0
32180.0;6688.0
32190.0;7244.0
32210.0;6898.0
32220.0;8120.0
32260.0;6700.0
32280.0;9775.0
32320.0;6663.0
32360.0;8048.0
32400.0;6851.0
32440.0;8089.0
32470.0;6968.0
32480.0;7468.0
32510.0;7442.0
32520.0;7487.0
32530.0;7344.0
32540.0;7749.0
32590.0;7177.0
32610.0;7813.0
32650.0;7075.0
32700.0;8061.0
32720.0;6601.0
32750.0;7539.0
32770.0;7652.0
32790.0;6958.0
32840.0;7942.0
32850.0;7738.0
32900.0;7534.0
32920.0;6916.0
32930.0;7606.0
32990.0;6466.0
33010.0;7526.0
33020.0;7445.0
33030.0;7495.0
33050.0;6054.0
33090.0;7413.0
33130.0;5467.0
33170.0;7563.0
33200.0;6480.0
33230.0;7025.0
33260.0;6649.0
33280.0;6906.0
33290.0;6632.0
33300.0;6871.0
33310.0;6240.0
33340.0;7523.0
33390.0;6340.0
33420.0;7424.0
33460.0;6224.0
33500.0;7276.0
33510.0;13250.000000000002
33520.0;6578.0
33570.0;7234.0
33590.0;6326.0
33610.0;6832.0
33620.0;6010.0
33630.0;6787.0
33640.0;6116.0
33680.0;8139.0
33710.0;7012.0
33740.0;7973.0
33780.0;6116.0
33830.0;7526.0
33850.0;6028.0
33900.0;8027.0
33910.0;6919.0
33920.0;13400.000000000002
33930.0;7344.0
33940.0;7454.0
33950.0;7295.0
33960.0;7351.0
34000.0;7912.0
34040.0;6198.0
34070.0;8652.0
34110.0;6163.0
34140.0;7886.0
34160.0;8053.0
34170.0;7020.0
34210.0;7401.0
34220.0;8025.0
34260.0;5503.0
34270.0;6887.0
34280.0;6949.0
34290.0;6870.0
34300.0;7064.0
34320.0;7023.0
34330.0;9016.0
34340.0;6775.0
34350.0;7015.0
34380.0;6682.0
34400.0;7626.0
34410.0;7444.0
34430.0;7684.0
34440.0;6826.0
34470.0;8254.0
34520.0;6533.0
34550.0;7230.0
34590.0;6083.0
34620.0;7536.0
34640.0;6816.0
34650.0;7684.0
34670.0;7430.0
34690.0;7568.0
34700.0;7171.0
34710.0;7513.0
34720.0;7359.0
34750.0;7626.0
34780.0;7006.0
34800.0;8069.0
34840.0;6769.0
34880.0;8051.0
34910.0;6788.0
34960.0;8034.0
34990.0;7015.0
35000.0;7521.0
35030.0;7213.0
35040.0;7630.0
35050.0;7203.0
35090.0;7564.0
35100.0;6696.0
35140.0;8294.0
35170.0;6498.0
35200.0;7571.0
35230.0;6327.0
35250.0;6682.0
35260.0;6479.0
35270.0;7475.0
35320.0;6208.0
35330.0;7013.0
35350.0;6607.0
35360.0;7075.0
35380.0;6526.0
35400.0;6993.0
35430.0;6636.0
35460.0;7474.0
35500.0;6270.0
35530.0;7267.0
35570.0;6199.0
35600.0;7413.0
35650.0;6374.0
35690.0;7455.0
35700.0;6293.0
35730.0;9821.0
35740.0;8796.0
35760.0;8779.0
35770.0;8840.0
35780.0;8706.0
35790.0;9659.0
35800.0;8643.0
35810.0;9837.0
35830.0;8399.0
35850.0;9174.0
35870.0;8810.0
35880.0;8966.0
35890.0;8282.0
35920.0;8490.0
35930.0;10180.0
35980.0;8117.0
35990.0;9721.0
36020.0;10050.0
36040.0;7984.0
36060.0;8836.0
36070.0;8776.0
36080.0;8858.0
36100.0;8748.0
36120.0;9198.0
36130.0;8755.0
36140.0;9802.0
36170.0;8052.0
36180.0;9996.0
36230.0;6329.0
36280.0;7824.0
36300.0;6182.0
36340.0;7412.0
36370.0;6332.0
36410.0;7450.0
36450.0;6782.0
36460.0;7054.0
36470.0;6768.0
36480.0;7063.0
36490.0;6410.0
36540.0;6989.0
36560.0;5969.0
36590.0;7430.0
36620.0;6530.0
36670.0;7169.0
36700.0;6103.0
36740.0;7394.0
36770.0;6927.0
36790.0;8721.0
36820.0;8142.0
36830.0;8599.0
36840.0;8366.0
36850.0;8546.0
36870.0;9809.0
36890.0;8008.0
36920.0;9552.0
36950.0;8662.0
36960.0;10210.0
36970.0;8113.0
36990.0;10200.0
37020.0;8212.0
37030.0;8384.0
37050.0;8286.0
37070.0;10290.0
37100.0;7681.0
37150.0;9492.0
37170.0;7983.0
37180.0;9342.0
37220.0;8135.0
37250.0;10240.0
37290.0;6425.0
37320.0;7262.0
37360.0;6475.0
37410.0;7453.0
37430.0;6127.0
37450.0;6921.0
37460.0;6386.0
37470.0;8820.0
37490.0;6264.0
37520.0;7430.0
37530.0;6908.0
37550.0;7083.0
37570.0;6937.0
37580.0;7428.0
37630.0;6335.0
37640.0;6879.0
37670.0;7012.0
37700.0;6399.0
37710.0;7821.0
37730.0;7400.0
37740.0;7546.0
37750.0;6143.0
37810.0;7289.0
37820.0;6039.0
37870.0;10070.0
37890.0;8623.0
37910.0;8330.0
37930.0;9031.0
37950.0;7922.0
37960.0;8472.0
38000.0;8839.0
38030.0;8253.0
38040.0;8443.0
38050.0;10300.0
38090.0;7825.0
38130.0;9148.0
38160.0;7952.0
38200.0;9568.0
38220.0;8677.0
38230.0;8983.0
38240.0;8405.0
38250.0;8842.0
38270.0;8730.0
38300.0;7869.0
38330.0;9798.0
38350.0;8069.0
38390.0;10000.0
38430.0;6219.0
38450.0;7396.0
38480.0;6462.0
38530.0;7535.0
38570.0;6245.0
38580.0;7448.0
38590.0;6810.0
38600.0;7113.0
38630.0;6430.0
38670.0;7013.0
38680.0;6311.0
38710.0;9319.0
38730.0;6870.0
38750.0;6556.0
38780.0;7337.0
38810.0;6186.0
38820.0;6604.0
38840.0;6428.0
38860.0;7571.0
38900.0;6374.0
38940.0;7204.0
38960.0;6519.0
38990.0;9230.0
39010.0;8367.0
39040.0;9491.0
39050.0;8820.0
39070.0;9982.0
39090.0;7153.0
39110.0;10210.0
39120.0;8547.0
39160.0;8031.0
39180.0;10220.0
39220.0;8138.0
39270.0;10250.0
39290.0;8101.0
39310.0;9905.0
39330.0;8509.0
39340.0;11200.000000000002
39350.0;8807.0
39370.0;9007.0
39380.0;8639.0
39400.0;9874.0
39420.0;8368.0
39460.0;9815.0
39470.0;6816.0
39490.0;6371.0
39530.0;7473.0
39560.0;6125.0
39590.0;7394.0
39610.0;6255.0
39640.0;7126.0
39660.0;6690.0
39700.0;7292.0
39740.0;6349.0
39780.0;6961.0
39810.0;6860.0
39820.0;6448.0
39860.0;7552.0
39870.0;6325.0
39880.0;6617.0
39890.0;6117.0
39920.0;7274.0
39960.0;6295.0
39990.0;10170.0
40010.0;8632.0
40040.0;9772.0
40050.0;8583.0
40060.0;8719.0
40070.0;8348.0
40100.0;9179.0
40150.0;8109.0
40190.0;9420.0
40220.0;8320.0
40240.0;9743.0
40290.0;7746.0
40320.0;9357.0
40340.0;8657.0
40360.0;9878.0
40400.0;8202.0
40410.0;9895.0
40420.0;8176.0
40460.0;9190.0
40480.0;7014.0
40510.0;7549.0
40540.0;6529.0
40570.0;7385.0
40620.0;5978.0
40660.0;7453.0
40690.0;6548.0
40700.0;7014.0
40720.0;6954.0
40730.0;7089.0
40750.0;6617.0
40770.0;7029.0
40800.0;6341.0
40840.0;7701.0
40880.0;6093.0
40900.0;7501.0
40930.0;6014.0
40980.0;9292.0
41020.0;8026.0
41030.0;9891.0
41050.0;8858.0
41060.0;9992.0
41080.0;8230.0
41100.0;9786.0
41120.0;10040.0
41130.0;9772.0
41140.0;8595.0
41160.0;9924.0
41200.0;7891.0
41230.0;10300.0
41270.0;7791.0
41300.0;10130.0
41340.0;7943.0
41390.0;9263.0
41400.0;7958.0
41420.0;9122.0
41450.0;8454.0
41470.0;8971.0
41480.0;7123.0
41490.0;7311.0
41520.0;6870.0
41530.0;6333.0
41550.0;6963.0
41590.0;6564.0
41600.0;9189.0
41610.0;6402.0
41650.0;7602.0
41670.0;6192.0
41710.0;7450.0
41730.0;6354.0
41740.0;6770.0
41750.0;6537.0
41790.0;7143.0
41820.0;6792.0
41830.0;6856.0
41850.0;6809.0
41860.0;6518.0
41890.0;6967.0
41900.0;6721.0
41920.0;6940.0
41940.0;6555.0
41980.0;9744.0
42010.0;8169.0
42040.0;10180.0
42070.0;8079.0
42110.0;9432.0
42150.0;8195.0
42180.0;9835.0
42210.0;7809.0
42230.0;9693.0
42250.0;9959.0
42260.0;8290.0
42300.0;10140.0
42330.0;7913.0
42360.0;9917.0
42400.0;7971.0
42420.0;9752.0
42430.0;8749.0
42440.0;9237.0
42460.0;8941.0
42470.0;9033.0
42480.0;7648.0
42510.0;9781.0
42540.0;6195.0
42580.0;7026.0
42590.0;6151.0
42620.0;7446.0
42660.0;6282.0
42690.0;7458.0
42730.0;6346.0
42770.0;7587.0
42800.0;6559.0
42820.0;6965.0
42840.0;6838.0
42850.0;7011.0
42870.0;6198.0
42880.0;7329.0
42910.0;6713.0
42950.0;7478.0
43000.0;6156.0
43020.0;7341.0
43060.0;6007.0
43100.0;9623.0
43130.0;7895.0
43180.0;9277.0
43190.0;8309.0
43220.0;8720.0
43230.0;8624.0
43240.0;9901.0
43270.0;8761.0
43280.0;9897.0
43290.0;8540.0
43310.0;8853.0
43320.0;8260.0
43340.0;9272.0
43350.0;8827.0
43370.0;9208.0
43390.0;7915.0
43430.0;9954.0
43450.0;7808.0
43480.0;9905.0
43490.0;8799.0
43510.0;9175.0
43530.0;8145.0
43550.0;9811.0
43570.0;8631.0
43610.0;9046.0
43620.0;9910.0
43660.0;6366.0
43680.0;7114.0
43730.0;6645.0
43750.0;7556.0
43770.0;7522.0
43790.0;5999.0
43830.0;7488.0
43850.0;6033.0
43900.0;7370.0
43940.0;6680.0
43950.0;6862.0
43970.0;6772.0
43980.0;6295.0
44010.0;6963.0
44030.0;6813.0
44040.0;6997.0
44050.0;6399.0
44090.0;7442.0
44100.0;6780.0
44130.0;6600.0
44170.0;9105.0
44180.0;7931.0
44200.0;8295.0
44230.0;10260.0
44280.0;8293.0
44300.0;9158.0
44330.0;8423.0
44370.0;8821.0
44380.0;7865.0
44410.0;10200.0
44460.0;7932.0
44480.0;10010.0
44490.0;8675.0
44530.0;7862.0
44570.0;10190.0
44590.0;8219.0
44620.0;9857.0
44660.0;6121.0
44680.0;7093.0
44690.0;6872.0
44710.0;7027.0
44720.0;6850.0
44730.0;6915.0
44740.0;7631.0
44780.0;6130.0
44810.0;7447.0
44850.0;6152.0
44890.0;7634.0
44930.0;6065.0
44940.0;7038.0
45000.0;6477.0
45030.0;7605.0
45040.0;6931.0
45070.0;7339.0
45090.0;5872.0
45100.0;7014.0
45110.0;6260.0
45130.0;7012.0
45140.0;6786.0
45160.0;7035.0
45190.0;6202.0
45230.0;10070.0
45240.0;8179.0
45270.0;9832.0
45280.0;8843.0
45290.0;9122.0
45300.0;9001.0
45320.0;8347.0
45350.0;8622.0
45360.0;10240.0
45380.0;8653.0
45390.0;9009.0
45400.0;8555.0
45420.0;8806.0
45440.0;8132.0
45450.0;9155.0
45480.0;8781.0
45490.0;9955.0
45520.0;8279.0
45550.0;10360.0
45590.0;7810.0
45620.0;10320.0
45640.0;8168.0
45680.0;8643.0
45690.0;9538.0
45710.0;8457.0
45720.0;8792.0
45730.0;8573.0
45740.0;9846.0
45790.0;6556.0
45820.0;6978.0
45840.0;6527.0
45850.0;6859.0
45860.0;6731.0
45880.0;7633.0
45920.0;6112.0
45940.0;7508.0
45980.0;6117.0
46020.0;7405.0
46040.0;6867.0
46060.0;7177.0
46070.0;6697.0
46090.0;7013.0
46100.0;6390.0
46110.0;6778.0
46120.0;6028.0
46140.0;7011.0
46170.0;6468.0
46210.0;7420.0
46250.0;6182.0
46300.0;9295.0
46320.0;8037.0
46350.0;10220.0
46380.0;8395.0
46410.0;8727.0
46420.0;9972.0
46450.0;8085.0
46460.0;8635.0
46480.0;8559.0
46490.0;8772.0
46510.0;8497.0
46530.0;9195.0
46550.0;8668.0
46560.0;8856.0
46570.0;7839.0
46590.0;8913.0
46600.0;8642.0
46620.0;8787.0
46630.0;8148.0
46680.0;10260.0
46710.0;7990.0
46760.0;9137.0
46790.0;6753.0
46810.0;7182.0
46850.0;6845.0
46860.0;7379.0
46900.0;6041.0
46920.0;7097.0
46940.0;6803.0
46950.0;7058.0
46980.0;6648.0
47020.0;7495.0
47050.0;6055.0
47080.0;7675.0
47110.0;6130.0
47130.0;6968.0
47160.0;6471.0
47170.0;7059.0
47180.0;6846.0
47190.0;7088.0
47200.0;6855.0
47220.0;7071.0
47240.0;6541.0
47260.0;7098.0
47280.0;6776.0
47290.0;8150.0
47340.0;9425.0
47370.0;8076.0
47390.0;8863.0
47440.0;7964.0
47480.0;10090.0
47500.0;8861.0
47520.0;8428.0
47550.0;8741.0
47560.0;8016.0
47570.0;9918.0
47580.0;8854.0
47590.0;9843.0
47630.0;8094.0
47670.0;10450.0
47710.0;8087.0
47730.0;10070.0
47760.0;8038.0
47810.0;9181.0
47820.0;9014.0
47830.0;9912.0
47850.0;6768.0
47880.0;6996.0
47890.0;6529.0
47900.0;6806.0
47910.0;5870.0
47930.0;6977.0
47960.0;6714.0
48000.0;7440.0
48040.0;6340.0
48060.0;7424.0
48110.0;6144.0
48130.0;7539.0
48170.0;6542.0
48180.0;7041.0
48200.0;6758.0
48220.0;7096.0
48240.0;6205.0
48250.0;6847.0
48270.0;6755.0
48290.0;7015.0
48300.0;6716.0
48320.0;7513.0
48340.0;6934.0
48390.0;9266.0
48430.0;8129.0
48450.0;8426.0
48460.0;10300.0
48510.0;8001.0
48550.0;9332.0
48560.0;8076.0
48590.0;8641.0
48600.0;8172.0
48650.0;10180.0
48690.0;8046.0
48710.0;9213.0
48730.0;8698.0
48740.0;9746.0
48770.0;8201.0
48790.0;10070.0
48830.0;8079.0
48850.0;9117.0
48860.0;6811.0
48880.0;7457.0
48890.0;6042.0
48920.0;7076.0
48930.0;6692.0
48980.0;7144.0
48990.0;6680.0
49010.0;6967.0
49030.0;6389.0
49060.0;7051.0
49100.0;6291.0
49120.0;7461.0
49170.0;6091.0
49200.0;7492.0
49240.0;6031.0
49270.0;7335.0
49290.0;6695.0
49300.0;6944.0
49310.0;6869.0
49330.0;6964.0
49350.0;6418.0
49360.0;8495.0
49390.0;8887.0
49430.0;7979.0
49460.0;10200.0
49500.0;7961.0
49540.0;11180.000000000002
49570.0;7788.0
49600.0;10240.0
49640.0;8284.0
49650.0;9943.0
49680.0;8230.0
49710.0;9923.0
49750.0;8046.0
49780.0;9324.0
49800.0;8583.0
49820.0;8873.0
49830.0;8047.0
49850.0;8947.0
49880.0;8193.0
49910.0;8761.0
49920.0;7083.0
49940.0;7418.0
49970.0;6325.0
49980.0;6939.0
50010.0;6293.0
50020.0;6960.0
50040.0;5478.0
50050.0;6961.0
50080.0;6604.0
50120.0;7544.0
50150.0;6033.0
50180.0;7632.0
50220.0;6166.0
50250.0;7295.0
50260.0;7357.0
50280.0;7124.0
50290.0;7509.0
50300.0;6237.0
50340.0;7148.0
50360.0;6600.0
50380.0;6923.0
50410.0;6489.0
50440.0;7454.0
50480.0;6246.0
50520.0;9768.0
50560.0;8139.0
50590.0;10350.0
50620.0;8061.0
50650.0;8911.0
50660.0;8657.0
50670.0;9939.0
50690.0;8145.0
50700.0;10010.0
50720.0;8662.0
50750.0;8865.0
50760.0;8642.0
50770.0;9715.0
50780.0;8501.0
50800.0;8752.0
50820.0;8063.0
50840.0;9392.0
50850.0;8522.0
50860.0;8820.0
50900.0;8280.0
50930.0;10380.0
50960.0;7758.0
50970.0;9839.0
50980.0;8717.0
51000.0;9955.0
51010.0;7863.0
51030.0;9135.0
51050.0;6939.0
51060.0;6798.0
51090.0;6990.0
51100.0;7362.0
51150.0;6268.0
51180.0;7064.0
51210.0;6501.0
51230.0;7707.0
51260.0;7487.0
51270.0;6144.0
51330.0;7382.0
51340.0;6240.0
51390.0;7212.0
51430.0;6730.0
51450.0;7020.0
51470.0;6251.0
51480.0;6733.0
51510.0;7026.0
51530.0;6900.0
51540.0;6005.0
51560.0;10000.0
51600.0;7812.0
51630.0;9737.0
51640.0;8695.0
51650.0;10080.0
51680.0;7947.0
51700.0;9883.0
51710.0;9065.0
51730.0;9945.0
51740.0;8720.0
51770.0;9125.0
51780.0;8737.0
51790.0;9072.0
51800.0;8126.0
51810.0;8955.0
51820.0;8288.0
51830.0;8876.0
51870.0;8157.0
51900.0;9922.0
51940.0;8131.0
51980.0;9450.0
52000.0;8161.0
52010.0;8347.0
52020.0;8105.0
52040.0;8676.0
52070.0;6884.0
52100.0;7045.0
52130.0;6577.0
52140.0;7008.0
52150.0;6606.0
52190.0;7118.0
52210.0;6564.0
52230.0;7455.0
52270.0;6112.0
52300.0;7244.0
52350.0;6227.0
52390.0;7359.0
52420.0;6066.0
52460.0;7260.0
52470.0;6575.0
52510.0;6953.0
52530.0;6368.0
52540.0;6701.0
52550.0;6571.0
52560.0;9421.0
52610.0;8195.0
52630.0;9648.0
52670.0;7333.0
52720.0;10350.0
52740.0;7981.0
52780.0;9237.0
52800.0;7862.0
52830.0;8964.0
52850.0;8676.0
52860.0;9900.0
52900.0;8708.0
52920.0;9851.0
52930.0;8258.0
52960.0;9841.0
53010.0;8296.0
53030.0;10840.0
53080.0;8079.0
53090.0;10810.0
53100.0;8929.0
53120.0;10190.0
53130.0;6115.0
53150.0;11480.000000000002
53170.0;6740.0
53180.0;13640.000000000002
53190.0;7043.0
53210.0;13480.000000000002
53230.0;6939.0
53240.0;13470.000000000002
53250.0;6703.0
53270.0;12620.000000000002
53290.0;6717.0
53300.0;12800.000000000002
53320.0;6827.0
53330.0;13520.000000000002
53340.0;6841.0
53360.0;13450.000000000002
53370.0;7420.0
53390.0;12600.000000000002
53400.0;6434.0
53420.0;13090.000000000002
53430.0;6802.0
53450.0;13930.000000000002
53460.0;6439.0
53480.0;13360.000000000002
53500.0;6878.0
53510.0;14240.000000000002
53520.0;6994.0
53540.0;13570.000000000002
53560.0;6950.0
53570.0;13680.000000000002
53590.0;6163.0
53600.0;13010.000000000002
53620.0;6871.0
53630.0;13700.000000000002
53640.0;6775.0
53660.0;13130.000000000002
53670.0;6540.0
53690.0;15880.000000000002
53700.0;9383.0
53720.0;14880.000000000002
53730.0;8179.0
53750.0;15220.000000000002
53760.0;8495.0
53780.0;14960.000000000002
53800.0;7982.0
53810.0;14860.000000000002
53820.0;8733.0
53840.0;15290.000000000002
53860.0;7808.0
53870.0;15200.000000000002
53880.0;8174.0
53900.0;14160.000000000002
53920.0;7926.0
53930.0;13530.000000000002
53950.0;8347.0
53960.0;12890.000000000002
53970.0;8493.0
53990.0;10940.0
54000.0;8154.0
54020.0;10590.0
54040.0;8738.0
54050.0;11040.0
54070.0;8292.0
54110.0;11360.000000000002
54120.0;8377.0
54140.0;10110.0
54160.0;8655.0
54170.0;10820.0
54190.0;6912.0
54200.0;8019.0
54210.0;6075.0
54230.0;7193.0
54270.0;6046.0
54290.0;6875.0
54320.0;6405.0
54360.0;7963.0
54390.0;6373.0
54420.0;7403.0
54470.0;6288.0
54500.0;7523.0
54530.0;6343.0
54570.0;7382.0
54590.0;6561.0
54640.0;6931.0
54660.0;6734.0
54680.0;7307.0
54730.0;6419.0
54750.0;9114.0
54790.0;7863.0
54840.0;10170.0
54870.0;8414.0
54890.0;9427.0
54900.0;8665.0
54910.0;10180.0
54930.0;7947.0
54950.0;9536.0
54970.0;8558.0
54980.0;10280.0
55000.0;8611.0
55010.0;11010.0
55030.0;8471.0
55040.0;10600.0
55060.0;7925.0
55070.0;11160.000000000002
55090.0;8911.0
55100.0;12220.000000000002
55120.0;7913.0
55130.0;14310.000000000002
55140.0;9089.0
55160.0;15280.000000000002
55180.0;8397.0
55190.0;14390.000000000002
55200.0;7975.0
55220.0;14760.000000000002
55260.0;6495.0
55280.0;12590.000000000002
55300.0;7458.0
55310.0;13670.000000000002
55330.0;6904.0
55340.0;13890.000000000002
55350.0;6795.0
55370.0;13120.000000000002
55380.0;6459.0
55400.0;13150.000000000002
55420.0;6992.0
55430.0;13720.000000000002
55450.0;6014.0
55460.0;12420.000000000002
55480.0;7457.0
55490.0;14150.000000000002
55510.0;6615.0
55520.0;13250.000000000002
55530.0;6633.0
55550.0;13280.000000000002
55570.0;7324.0
55580.0;13040.000000000002
55590.0;6338.0
55610.0;12880.000000000002
55630.0;7453.0
55640.0;13510.000000000002
55660.0;6806.0
55670.0;13260.000000000002
55690.0;6953.0
55700.0;13330.000000000002
55710.0;6534.0
55730.0;13380.000000000002
55750.0;9777.0
55760.0;14650.000000000002
55780.0;8176.0
55790.0;14120.000000000002
55800.0;8988.0
55820.0;15550.000000000002
55840.0;9780.0
55850.0;14800.000000000002
55860.0;7861.0
55880.0;14970.000000000002
55890.0;9266.0
55910.0;14690.000000000002
55920.0;7937.0
55940.0;15310.000000000002
55960.0;9338.0
55970.0;15590.000000000002
55980.0;8710.0
56000.0;14930.000000000002
56020.0;8657.0
56030.0;15030.000000000002
56040.0;8106.0
56060.0;14550.000000000002
56080.0;8727.0
56090.0;14870.000000000002
56100.0;9107.0
56120.0;14010.000000000002
56130.0;8574.0
56150.0;15150.000000000002
56170.0;8376.0
56180.0;13680.000000000002
56190.0;8099.0
56210.0;13890.000000000002
56230.0;8614.0
56240.0;12570.000000000002
56250.0;6273.0
56270.0;10770.0
56280.0;6816.0
56300.0;10060.0
56310.0;7000.0
56330.0;8334.0
56350.0;6805.0
56360.0;8744.0
56400.0;6436.0
56420.0;8271.0
56440.0;6539.0
56450.0;8080.0
56460.0;6896.0
56480.0;8273.0
56490.0;6754.0
56500.0;7008.0
56520.0;6476.0
56550.0;7430.0
56580.0;6060.0
56630.0;7524.0
56660.0;6066.0
56670.0;7036.0
56700.0;6394.0
56710.0;7033.0
56730.0;6355.0
56760.0;9759.0
56770.0;8133.0
56800.0;10130.0
56840.0;8009.0
56870.0;10040.0
56910.0;7902.0
56930.0;10850.0
56980.0;8160.0
57030.0;9297.0
57060.0;7960.0
57090.0;9775.0
57120.0;8591.0
57140.0;10040.0
57150.0;8830.0
57160.0;9982.0
57190.0;8349.0
57200.0;10180.0
57250.0;6230.0
57270.0;7545.0
57320.0;6497.0
57330.0;6845.0
57350.0;6754.0
57360.0;7579.0
57390.0;6151.0
57420.0;6920.0
57430.0;9976.0
57440.0;6885.0
57460.0;7299.0
57510.0;6153.0
57530.0;7441.0
57570.0;6431.0
57610.0;7488.0
57650.0;6111.0
57680.0;7998.0
57710.0;6254.0
57740.0;7007.0
57750.0;9448.0
57770.0;8667.0
57790.0;9287.0
57810.0;8919.0
57830.0;7933.0
57850.0;9009.0
57860.0;8572.0
57870.0;8874.0
57880.0;8768.0
57890.0;8804.0
57900.0;8131.0
57940.0;10090.0
57970.0;8219.0
58010.0;10090.0
58050.0;8038.0
58090.0;9593.0
58110.0;8689.0
58140.0;8536.0
58150.0;8747.0
58170.0;8095.0
58200.0;9794.0
58230.0;7841.0
58250.0;9835.0
58290.0;8859.0
58310.0;6600.0
58340.0;7491.0
58370.0;6059.0
58400.0;7765.0
58430.0;6567.0
58440.0;7093.0
58450.0;6571.0
58470.0;6938.0
58490.0;6681.0
58500.0;7011.0
58510.0;6702.0
58530.0;6879.0
58540.0;6666.0
58550.0;6825.0
58560.0;6377.0
58570.0;7021.0
58610.0;7398.0
58640.0;6314.0
58670.0;7395.0
58710.0;6160.0
58750.0;7447.0
58780.0;6412.0
58790.0;6947.0
58810.0;6535.0
58830.0;9804.0
58840.0;8424.0
58870.0;9886.0
58890.0;8359.0
58910.0;9113.0
58920.0;8749.0
58930.0;10190.0
58940.0;8531.0
58950.0;9797.0
58970.0;8240.0
58990.0;10060.0
59000.0;8668.0
59010.0;8870.0
59030.0;8277.0
59080.0;10230.0
59110.0;8339.0
59120.0;9126.0
59140.0;8478.0
59150.0;10350.0
59180.0;8010.0
59190.0;9740.0
59200.0;8632.0
59210.0;8669.0
59230.0;8596.0
59250.0;9852.0
59360.0;6367.0
59390.0;7502.0
59440.0;6502.0
59480.0;7632.0
59500.0;6319.0
59560.0;7319.0
59570.0;6733.0
59580.0;7338.0
59630.0;6426.0
59650.0;7333.0
59690.0;6651.0
59700.0;7240.0
59710.0;6725.0
59750.0;7802.0
59760.0;6514.0
59800.0;6859.0
59890.0;10000.0
59900.0;9012.0
59920.0;9846.0
59950.0;8031.0
59970.0;8877.0
59980.0;8606.0
60010.0;8778.0
60030.0;8258.0
60070.0;10400.0
60090.0;7872.0
60130.0;9461.0
60150.0;8263.0
60160.0;8217.0
60170.0;8263.0
60190.0;9909.0
60200.0;8752.0
60210.0;9910.0
60230.0;8822.0
60270.0;8429.0
60290.0;8343.0
60320.0;8811.0
60330.0;8462.0
60350.0;8888.0
60360.0;7916.0
60370.0;8672.0
60420.0;6270.0
60460.0;7282.0
60490.0;6223.0
60530.0;7534.0
60570.0;6378.0
60580.0;7122.0
60610.0;6614.0
60620.0;7023.0
60630.0;6445.0
60670.0;7098.0
60680.0;6649.0
60700.0;6707.0
60730.0;7522.0
60760.0;6069.0
60790.0;7460.0
60830.0;6203.0
60860.0;7402.0
60880.0;7139.0
60890.0;8785.0
60900.0;8452.0
60920.0;8682.0
60940.0;8579.0
60950.0;8786.0
60960.0;8393.0
60980.0;9975.0
61010.0;8016.0
61050.0;10170.0
61090.0;7703.0
61110.0;9624.0
61150.0;7763.0
61200.0;9196.0
61230.0;8249.0
61260.0;8674.0
61270.0;10230.0
61290.0;8109.0
61320.0;9965.0
61340.0;8367.0
61380.0;9177.0
61390.0;6959.0
61430.0;6261.0
61440.0;6970.0
61500.0;6498.0
61520.0;7527.0
61550.0;6510.0
61600.0;7262.0
61620.0;6164.0
61670.0;7195.0
61690.0;5834.0
61700.0;7166.0
61740.0;6402.0
61760.0;7074.0
61780.0;6859.0
61790.0;6940.0
61830.0;5910.0
61860.0;7485.0
61890.0;6217.0
61930.0;7218.0
61960.0;6446.0
62000.0;7383.0
62020.0;6749.0
62030.0;6920.0
62040.0;6758.0
62060.0;6862.0
62080.0;6105.0
62100.0;6936.0
62150.0;6058.0
62180.0;7330.0
62220.0;6157.0
62230.0;7033.0
62250.0;6866.0
62260.0;7272.0
62270.0;6193.0
62280.0;6442.0
62290.0;6160.0
62330.0;7235.0
62340.0;6754.0
62370.0;6927.0
62380.0;6296.0
62390.0;8879.0
62400.0;8334.0
62420.0;8793.0
62430.0;8261.0
62450.0;9343.0
62470.0;7877.0
62500.0;10350.0
62550.0;8222.0
62580.0;10170.0
62620.0;8044.0
62660.0;9260.0
62710.0;8503.0
62730.0;9127.0
62760.0;8248.0
62780.0;9799.0
62800.0;8185.0
62860.0;9912.0
62880.0;7805.0
62910.0;10360.0
62930.0;6393.0
62940.0;6675.0
62950.0;6477.0
62960.0;6598.0
62980.0;7557.0
63020.0;6152.0
63030.0;6877.0
63050.0;7029.0
63060.0;6899.0
63070.0;7065.0
63090.0;6048.0
63100.0;7022.0
63140.0;6536.0
63180.0;7629.0
63200.0;6218.0
63240.0;7395.0
63280.0;6010.0
63320.0;7558.0
63350.0;6261.0
63370.0;7055.0
63390.0;6926.0
63400.0;7191.0
63440.0;6695.0
63450.0;6951.0
63460.0;6844.0
63470.0;6986.0
63480.0;6820.0
63490.0;9368.0
63510.0;8915.0
63520.0;10000.0
63530.0;8307.0
63560.0;8594.0
63570.0;9558.0
63610.0;6790.0
63630.0;9741.0
63680.0;8315.0
63710.0;9798.0
63720.0;8655.0
63730.0;9965.0
63750.0;7989.0
63770.0;8763.0
63780.0;8821.0
63790.0;8727.0
63800.0;9158.0
63810.0;8991.0
63830.0;10500.0
63860.0;8141.0
63900.0;9274.0
63940.0;8050.0
63980.0;9692.0
64000.0;8646.0
64010.0;9702.0
64070.0;6385.0
64100.0;7125.0
64110.0;6650.0
64130.0;7006.0
64150.0;6949.0
64160.0;7752.0
64210.0;6073.0
64230.0;7216.0
64270.0;6129.0
64290.0;7465.0
64320.0;7312.0
64330.0;6311.0
64360.0;7010.0
64370.0;6701.0
64390.0;7029.0
64400.0;6520.0
64450.0;6965.0
64470.0;6784.0
64490.0;7472.0
64530.0;6429.0
64580.0;7230.0
64610.0;6284.0
64640.0;10200.0
64670.0;8004.0
64710.0;10030.0
64730.0;7944.0
64780.0;8861.0
64790.0;8678.0
64800.0;9869.0
64810.0;8576.0
64820.0;9224.0
64870.0;8182.0
64880.0;9236.0
64930.0;8039.0
64980.0;10230.0
65000.0;7997.0
65040.0;10210.0
65050.0;8228.0
65060.0;8357.0
65070.0;8144.0
65080.0;8358.0
65100.0;9762.0
65120.0;8827.0
65130.0;9778.0
65180.0;6954.0
65200.0;6732.0
65210.0;6915.0
65220.0;6695.0
65240.0;6998.0
65260.0;5993.0
65290.0;7565.0
65340.0;6478.0
65360.0;8026.0
65390.0;6418.0
65430.0;6846.0
65440.0;7600.0
65480.0;5831.0
65490.0;6965.0
65500.0;6793.0
65510.0;7144.0
65520.0;6114.0
65530.0;6740.0
65570.0;7048.0
65600.0;6343.0
65620.0;7395.0
65660.0;6227.0
65700.0;7512.0
65730.0;6311.0
65740.0;8315.0
65790.0;9918.0
65810.0;8429.0
65840.0;8950.0
65850.0;8086.0
65860.0;9150.0
65870.0;7983.0
65890.0;8940.0
65920.0;8032.0
65960.0;10160.0
65990.0;7873.0
66020.0;10350.0
66050.0;8034.0
66090.0;9814.0
66140.0;8447.0
66150.0;9793.0
66160.0;9059.0
66180.0;9788.0
66200.0;8420.0
66230.0;8735.0
66240.0;9846.0
66250.0;6129.0
66290.0;7540.0
66310.0;6291.0
66320.0;6572.0
66340.0;6487.0
66350.0;7439.0
66380.0;6223.0
66400.0;6314.0
66440.0;7548.0
66470.0;6501.0
66510.0;7094.0
66530.0;6437.0
66570.0;6994.0
66580.0;6486.0
66620.0;7635.0
66650.0;6240.0
66680.0;7528.0
66720.0;6345.0
66760.0;10030.0
66770.0;9470.0
66780.0;10050.0
66790.0;8182.0
66840.0;9001.0
66860.0;7867.0
66880.0;9094.0
66910.0;8051.0
66940.0;9302.0
66980.0;8059.0
66990.0;8052.0
67000.0;8070.0
67010.0;9949.0
67020.0;8573.0
67030.0;8662.0
67040.0;8583.0
67060.0;7921.0
67100.0;10100.0
67120.0;8476.0
67140.0;10030.0
67150.0;8714.0
67170.0;9349.0
67190.0;8162.0
67210.0;9898.0
67220.0;8750.0
67230.0;9817.0
67250.0;6991.0
67270.0;7288.0
67300.0;6918.0
67320.0;5863.0
67340.0;7391.0
67370.0;6471.0
67420.0;7574.0
67460.0;6383.0
67500.0;7439.0
67520.0;6150.0
67570.0;7539.0
67580.0;6881.0
67600.0;7417.0
67650.0;6488.0
67660.0;7022.0
67690.0;6713.0
67700.0;6990.0
67730.0;6122.0
67740.0;7710.0
67790.0;6328.0
67830.0;10140.0
67860.0;8184.0
67870.0;8858.0
67880.0;8678.0
67890.0;8933.0
67910.0;8543.0
67930.0;10420.0
67970.0;7712.0
67990.0;8883.0
68000.0;8336.0
68010.0;8664.0
68020.0;8487.0
68030.0;9785.0
68040.0;8028.0
68070.0;9921.0
68120.0;8010.0
68150.0;9156.0
68170.0;8144.0
68180.0;9573.0
68190.0;8459.0
68200.0;8678.0
68210.0;8486.0
68230.0;9177.0
68260.0;8754.0
68270.0;9107.0
68290.0;8753.0
68300.0;9788.0
68330.0;6505.0
68350.0;7034.0
68370.0;6356.0
68420.0;7747.0
68450.0;6054.0
68480.0;7453.0
68510.0;6099.0
68560.0;7333.0
68590.0;6481.0
68610.0;6915.0
68630.0;6616.0
68650.0;6988.0
68660.0;6536.0
68680.0;8059.0
68710.0;6250.0
68750.0;7651.0
68780.0;6053.0
68810.0;7462.0
68840.0;6200.0
68890.0;10080.0
68920.0;8228.0
68930.0;8736.0
68960.0;8248.0
68970.0;8834.0
68980.0;8636.0
68990.0;7188.0
69000.0;8885.0
69010.0;8506.0
69040.0;8796.0
69050.0;8694.0
69070.0;10170.0
69110.0;8172.0
69130.0;9905.0
69180.0;8067.0
69220.0;9277.0
69250.0;8051.0
69290.0;9826.0
69310.0;7972.0
69330.0;9561.0
69380.0;7033.0
69400.0;7512.0
69430.0;6141.0
69460.0;7463.0
69490.0;5973.0
69550.0;7629.0
69580.0;6330.0
69620.0;7384.0
69650.0;6137.0
69680.0;8766.0
69690.0;6745.0
69730.0;7582.0
69770.0;6174.0
69790.0;7690.0
69830.0;6144.0
69870.0;10400.0
69910.0;7910.0
69920.0;9669.0
69970.0;7833.0
70010.0;9789.0
70020.0;8651.0
70040.0;9068.0
70050.0;8866.0
70060.0;10140.0
70070.0;8512.0
70080.0;8700.0
70100.0;8112.0
70120.0;8753.0
70130.0;8679.0
70150.0;8749.0
70170.0;8001.0
70180.0;9984.0
70200.0;9301.0
70210.0;10190.0
70230.0;7779.0
70260.0;9801.0
70300.0;7991.0
70330.0;8867.0
70340.0;8565.0
70370.0;8844.0
70380.0;6807.0
70390.0;7456.0
70430.0;5925.0
70450.0;7378.0
70490.0;6204.0
70520.0;7355.0
70550.0;7486.0
70580.0;6512.0
70610.0;7400.0
70640.0;6174.0
70660.0;6910.0
70680.0;7123.0
70710.0;6922.0
70720.0;7239.0
70760.0;6586.0
70780.0;7187.0
70820.0;6544.0
70830.0;7100.0
70840.0;6385.0
70880.0;10070.0
70890.0;8048.0
70940.0;9484.0
70950.0;8160.0
70970.0;8319.0
70990.0;9801.0
71030.0;8489.0
71040.0;9876.0
71050.0;8759.0
71070.0;9194.0
71090.0;8477.0
71100.0;8758.0
71130.0;8819.0
71140.0;9798.0
71150.0;7859.0
71190.0;9607.0
71230.0;8104.0
71250.0;9931.0
71260.0;8580.0
71270.0;9361.0
71300.0;8270.0
71310.0;10050.0
71330.0;8471.0
71350.0;9894.0
71360.0;8597.0
71370.0;8769.0
71380.0;8595.0
71400.0;8764.0
71420.0;7789.0
71430.0;8847.0
71450.0;7038.0
71500.0;6174.0
71530.0;7474.0
71560.0;6069.0
71600.0;7511.0
71640.0;6467.0
71670.0;7344.0
71690.0;6254.0
71700.0;7307.0
71710.0;6787.0
71730.0;7025.0
71750.0;6432.0
71760.0;6775.0
71770.0;6274.0
71790.0;6937.0
71820.0;6626.0
71860.0;7464.0
71890.0;6020.0
71930.0;7392.0
71950.0;6181.0
71990.0;6839.0
72030.0;10020.0
72040.0;8615.0
72050.0;8754.0
72070.0;8679.0
72080.0;8162.0
72090.0;10020.0
72100.0;8192.0
72130.0;9383.0
72150.0;8341.0
72180.0;9877.0
72200.0;9746.0
72230.0;7796.0
72240.0;9702.0
72280.0;8058.0
72340.0;10050.0
72350.0;8787.0
72400.0;8342.0
72420.0;8725.0
72430.0;8076.0
72440.0;9753.0
72450.0;8582.0
72470.0;8887.0
72480.0;8426.0
72530.0;9895.0
72570.0;6665.0
72580.0;7504.0
72610.0;6044.0
72660.0;7306.0
72690.0;6295.0
72700.0;7070.0
72710.0;6679.0
72730.0;6894.0
72740.0;6827.0
72750.0;7521.0
72760.0;6514.0
72790.0;6959.0
72810.0;6708.0
72850.0;7523.0
72890.0;6139.0
72910.0;7505.0
72950.0;6201.0
72980.0;7540.0
73030.0;6578.0
73060.0;6860.0
73070.0;9519.0
73090.0;8363.0
73110.0;8679.0
73130.0;11970.000000000002
73140.0;8311.0
73170.0;10290.0
73190.0;7603.0
73200.0;8771.0
73210.0;8082.0
73230.0;8209.0
73250.0;9797.0
73280.0;7793.0
73310.0;10200.0
73330.0;9029.0
73340.0;10010.0
73350.0;8105.0
73400.0;9478.0
73420.0;7980.0
73450.0;9032.0
73480.0;8526.0
73510.0;9288.0
73520.0;8821.0
73530.0;9851.0
73540.0;8246.0
73610.0;6383.0
73630.0;7287.0
73660.0;7470.0
73690.0;6501.0
73730.0;7517.0
73750.0;6385.0
73770.0;6865.0
73780.0;6909.0
73800.0;6838.0
73810.0;6997.0
73820.0;6847.0
73840.0;7126.0
73880.0;6044.0
73900.0;7183.0
73910.0;6799.0
73930.0;7027.0
73950.0;6340.0
73980.0;7556.0
74010.0;6244.0
74070.0;8190.0
74080.0;8317.0
74090.0;8052.0
74120.0;9041.0
74140.0;8678.0
74160.0;9528.0
74210.0;8039.0
74230.0;10170.0
74240.0;8685.0
74250.0;8928.0
74290.0;7943.0
74320.0;10060.0
74350.0;7941.0
74380.0;9574.0
74400.0;8011.0
74440.0;9087.0
74450.0;8591.0
74460.0;9261.0
74480.0;8761.0
74490.0;9879.0
74500.0;8864.0
74520.0;9083.0
74550.0;7924.0
74560.0;9987.0
74570.0;8667.0
74590.0;9825.0
74600.0;8223.0
74610.0;8389.0
74620.0;8060.0
74630.0;9003.0
74640.0;7380.0
74680.0;6458.0
74720.0;7329.0
74750.0;6199.0
74790.0;7555.0
74820.0;6376.0
74830.0;7043.0
74870.0;6272.0
74890.0;7216.0
74950.0;6430.0
74990.0;7589.0
75000.0;6431.0
75010.0;6316.0
75020.0;6418.0
75050.0;7237.0
75080.0;6112.0
75120.0;7637.0
75130.0;7026.0
75140.0;6870.0
75150.0;6930.0
75160.0;6838.0
75170.0;7042.0
75180.0;6943.0
75190.0;6343.0
75220.0;9744.0
75240.0;8817.0
75250.0;9928.0
75260.0;7865.0
75310.0;9975.0
75330.0;8017.0
75380.0;10100.0
75400.0;8238.0
75440.0;9847.0
75460.0;8764.0
75470.0;8966.0
75490.0;8825.0
75500.0;7621.0
75510.0;8944.0
75530.0;8040.0
75580.0;10130.0
75590.0;7863.0
75640.0;10190.0
75680.0;8012.0
75710.0;9371.0
75720.0;8485.0
75730.0;8335.0
75750.0;8442.0
75760.0;6773.0
75780.0;7653.0
75800.0;6802.0
75830.0;7099.0
75860.0;6357.0
75870.0;6768.0
75880.0;6066.0
75890.0;7119.0
75930.0;6078.0
75960.0;7686.0
75990.0;6120.0
76040.0;7692.0
76060.0;6232.0
76110.0;7340.0
76120.0;6925.0
76140.0;7071.0
76150.0;6804.0
76170.0;7003.0
76190.0;6040.0
76200.0;7103.0
76220.0;6933.0
76230.0;7006.0
76240.0;6636.0
76250.0;6744.0
76310.0;10300.0
76320.0;8204.0
76370.0;9203.0
76400.0;8006.0
76440.0;9204.0
76500.0;8393.0
76510.0;9124.0
76540.0;8234.0
76570.0;9781.0
76590.0;8190.0
76640.0;9888.0
76670.0;7976.0
76710.0;9839.0
76720.0;7751.0
76750.0;8972.0
76760.0;7236.0
76770.0;7312.0
76780.0;7089.0
76790.0;7070.0
76800.0;7099.0
76810.0;6831.0
76840.0;7056.0
76850.0;6359.0
76860.0;6907.0
76870.0;6629.0
76890.0;7044.0
76920.0;6408.0
76960.0;7635.0
77000.0;6477.0
77020.0;7612.0
77050.0;6047.0
77110.0;7519.0
77120.0;6968.0
77150.0;6837.0
77160.0;6976.0
77170.0;6854.0
77180.0;6289.0
77230.0;6958.0
77250.0;6283.0
77290.0;7559.0
77310.0;6702.0
77350.0;10220.0
77400.0;7743.0
77410.0;9892.0
77470.0;7768.0
77480.0;8891.0
77510.0;8175.0
77520.0;8547.0
77530.0;7878.0
77560.0;9788.0
77580.0;8004.0
77620.0;10370.0
77650.0;7936.0
77690.0;9908.0
77720.0;7730.0
77760.0;10140.0
77770.0;9606.0
77780.0;9970.0
77820.0;6698.0
77830.0;7000.0
77840.0;6718.0
77850.0;6984.0
77870.0;6439.0
77880.0;6912.0
77900.0;6861.0
77910.0;5961.0
77950.0;7679.0
77990.0;6215.0
78010.0;7460.0
78050.0;6502.0
78100.0;7533.0
78130.0;6265.0
78140.0;7007.0
78150.0;6772.0
78170.0;6801.0
78190.0;6719.0
78220.0;6971.0
78240.0;6591.0
78280.0;7497.0
78310.0;6272.0
78340.0;7330.0
78370.0;6718.0
78380.0;8245.0
78430.0;9642.0
78460.0;8019.0
78480.0;9135.0
78530.0;8118.0
78540.0;8634.0
78560.0;8232.0
78590.0;9823.0
78620.0;8619.0
78630.0;9843.0
78650.0;7905.0
78690.0;9902.0
78710.0;7926.0
78760.0;10190.0
78790.0;7782.0
78840.0;9930.0
78880.0;6952.0
78890.0;7041.0
78920.0;6851.0
78940.0;7347.0
78980.0;6069.0
79010.0;7322.0
79060.0;5994.0
79080.0;7641.0
79120.0;6418.0
79160.0;6973.0
79190.0;6425.0
79200.0;6906.0
79210.0;6772.0
79240.0;7133.0
79260.0;6810.0
79270.0;7567.0
79310.0;6554.0
79330.0;7305.0
79370.0;6218.0
79430.0;7614.0
79440.0;10860.0
79450.0;8085.0
79480.0;9800.0
79490.0;8764.0
79500.0;9968.0
79520.0;8115.0
79540.0;9860.0
79550.0;8772.0
79560.0;9851.0
79580.0;8702.0
79610.0;9811.0
79620.0;8626.0
79650.0;7971.0
79670.0;9275.0
79700.0;7722.0
79760.0;10480.0
79780.0;8231.0
79810.0;8525.0
79820.0;9992.0
79850.0;8004.0
79890.0;9072.0
79910.0;8748.0
79920.0;9872.0
79950.0;8595.0
79960.0;9686.0
80030.0;6416.0
80080.0;7799.0
80110.0;6200.0
80140.0;7018.0
80160.0;7099.0
80170.0;6081.0
80200.0;6940.0
80210.0;6770.0
80240.0;6974.0
80250.0;9270.0
80270.0;6841.0
80280.0;6702.0
80290.0;7007.0
80310.0;6197.0
80320.0;6946.0
80340.0;7059.0
80360.0;6390.0
80410.0;7483.0
80430.0;6132.0
80490.0;7397.0
80500.0;5625.0
80510.0;8105.0
80550.0;8760.0
80560.0;9903.0
80580.0;8682.0
80590.0;9326.0
80630.0;8305.0
80680.0;8831.0
80700.0;7896.0
80740.0;10250.0
80770.0;8133.0
80820.0;9057.0
80850.0;7868.0
80890.0;9021.0
80910.0;8625.0
80920.0;10000.0
80930.0;8821.0
80940.0;9945.0
80960.0;7718.0
81000.0;10690.0
81030.0;7808.0
81060.0;9365.0
81090.0;6512.0
81100.0;6685.0
81110.0;6435.0
81120.0;7086.0
81130.0;6798.0
81140.0;7421.0
81180.0;6325.0
81190.0;6926.0
81220.0;7197.0
81240.0;6870.0
81250.0;7144.0
81290.0;6227.0
81300.0;6685.0
81310.0;5643.0
81320.0;6878.0
81340.0;6964.0
81360.0;6291.0
81410.0;7534.0
81420.0;6496.0
81430.0;6744.0
81440.0;6649.0
81460.0;6721.0
81470.0;7418.0
81500.0;6126.0
81550.0;7261.0
81560.0;6894.0
81580.0;7141.0
81610.0;6741.0
81620.0;6120.0
81630.0;9918.0
81650.0;8343.0
81670.0;9792.0
81690.0;8030.0
81720.0;10010.0
81750.0;7670.0
81800.0;9174.0
81840.0;8104.0
81870.0;10240.0
81910.0;8190.0
81920.0;9000.0
81950.0;8101.0
81960.0;8930.0
81980.0;8426.0
82010.0;8957.0
82020.0;7968.0
82050.0;9942.0
82090.0;8427.0
82110.0;8850.0
82170.0;6151.0
82200.0;7469.0
82240.0;6342.0
82250.0;6975.0
82280.0;6377.0
82290.0;7012.0
82320.0;6742.0
82340.0;7053.0
82360.0;6550.0
82400.0;7506.0
82430.0;6076.0
82460.0;7593.0
82490.0;6089.0
82530.0;7529.0
82570.0;6180.0
82590.0;7037.0
82620.0;6701.0
82640.0;9836.0
82680.0;8045.0
82720.0;10100.0
82750.0;8165.0
82790.0;9154.0
82830.0;8159.0
82860.0;9440.0
82900.0;7733.0
82920.0;8902.0
82950.0;8012.0
82960.0;9322.0
82970.0;8344.0
82990.0;9087.0
83020.0;7856.0
83040.0;9919.0
83100.0;8026.0
83120.0;10310.0
83150.0;8047.0
83170.0;9237.0
83180.0;8616.0
83190.0;9072.0
83220.0;6875.0
83240.0;6703.0
83250.0;6989.0
83260.0;6893.0
83270.0;6964.0
83280.0;6254.0
83300.0;6735.0
83310.0;5874.0
83320.0;6992.0
83340.0;7324.0
83350.0;6313.0
83390.0;7574.0
83420.0;6256.0
83450.0;7418.0
83480.0;6253.0
83530.0;7434.0
83550.0;6956.0
83560.0;7270.0
83570.0;6860.0
83580.0;7074.0
83600.0;6910.0
83610.0;6261.0
83620.0;7102.0
83630.0;6493.0
83650.0;6901.0
83680.0;6469.0
83710.0;10340.0
83760.0;7814.0
83790.0;9565.0
83820.0;7741.0
83870.0;10030.0
83900.0;8331.0
83930.0;9763.0
83960.0;8442.0
83970.0;8653.0
83980.0;8542.0
83990.0;9826.0
84000.0;7805.0
84020.0;9897.0
84030.0;8537.0
84050.0;9588.0
84090.0;8217.0
84100.0;9702.0
84150.0;8071.0
84190.0;9247.0
84210.0;6874.0
84230.0;7142.0
84270.0;6538.0
84280.0;6939.0
84300.0;6585.0
84320.0;6926.0
84340.0;6015.0
84380.0;7548.0
84410.0;6093.0
84450.0;7461.0
84470.0;5993.0
84530.0;7581.0
84560.0;6055.0
84570.0;6904.0
84590.0;6974.0
84600.0;6567.0
84610.0;6999.0
84620.0;6465.0
84640.0;7494.0
84670.0;6113.0
84700.0;7509.0
84750.0;6339.0
84780.0;10160.0
84820.0;7925.0
84860.0;10140.0
84890.0;7778.0
84910.0;8894.0
84930.0;8312.0
84940.0;8920.0
84950.0;8078.0
84980.0;9931.0
85000.0;7909.0
85020.0;9854.0
85090.0;8157.0
85110.0;10350.0
85150.0;7996.0
85190.0;10240.0
85200.0;8853.0
85220.0;8282.0
85230.0;8773.0
85240.0;8576.0
85250.0;11030.0
85280.0;6246.0
85290.0;6958.0
85300.0;6749.0
85320.0;6956.0
85330.0;6478.0
85370.0;7672.0
85420.0;6250.0
85430.0;7369.0
85470.0;6297.0
85520.0;7556.0
85550.0;6354.0
85600.0;7122.0
85620.0;6222.0
85640.0;7102.0
85660.0;6325.0
85700.0;7512.0
85750.0;6251.0
85760.0;9289.0
85810.0;8069.0
85850.0;10180.0
85880.0;8025.0
85890.0;9747.0
85900.0;8580.0
85930.0;9897.0
85940.0;8226.0
85960.0;9815.0
85990.0;8369.0
86030.0;10000.0
86060.0;8035.0
86080.0;9668.0
86110.0;8434.0
86120.0;9782.0
86130.0;8352.0
86150.0;8373.0
86180.0;10080.0
86210.0;7875.0
86230.0;9829.0
86280.0;7829.0
86310.0;9860.0
86330.0;6597.0
86360.0;7518.0
86390.0;6465.0
86420.0;7318.0
86460.0;6249.0
86490.0;7481.0
86510.0;7285.0
86520.0;7535.0
86530.0;6103.0
86580.0;7075.0
86600.0;6254.0
86630.0;7015.0
86660.0;6750.0
86670.0;6988.0
86680.0;6774.0
86690.0;7657.0
86720.0;6516.0
86740.0;6380.0
86750.0;6446.0
86760.0;7416.0
86800.0;6343.0
86850.0;7556.0
86870.0;5988.0
86890.0;9827.0
86900.0;8691.0
86920.0;9759.0
86930.0;7894.0
86970.0;9848.0
86980.0;8557.0
87020.0;10090.0
87050.0;8381.0
87070.0;8098.0
87090.0;9370.0
87130.0;7958.0
87160.0;10470.0
87170.0;9357.0
87190.0;10180.0
87200.0;7862.0
87210.0;9707.0
87220.0;8822.0
87250.0;9110.0
87260.0;8057.0
87290.0;8957.0
87310.0;8656.0
87330.0;9952.0
87340.0;8728.0
87350.0;10330.0
87360.0;8589.0
87370.0;8449.0
87380.0;8731.0
87400.0;8380.0
87420.0;9376.0
87450.0;6701.0
87470.0;6319.0
87510.0;7559.0
87540.0;6042.0
87580.0;7509.0
87600.0;6075.0
87610.0;6984.0
87620.0;7030.0
87630.0;6962.0
87640.0;6994.0
87650.0;6743.0
87690.0;7421.0
87720.0;6173.0
87750.0;7193.0
87800.0;6036.0
87840.0;7625.0
87860.0;6582.0
87910.0;7334.0
87940.0;6652.0
87970.0;7557.0
87990.0;6898.0
88010.0;10110.0
88060.0;7838.0
88080.0;9549.0
88120.0;8015.0
88170.0;9614.0
88210.0;8206.0
88220.0;9815.0
88270.0;8123.0
88290.0;9894.0
88310.0;8356.0
88350.0;10150.0
88380.0;7846.0
88430.0;9842.0
88470.0;8294.0
88480.0;10060.0
88520.0;6409.0
88550.0;7048.0
88590.0;6190.0
88610.0;7062.0
88620.0;6849.0
88650.0;7074.0
88670.0;6807.0
88680.0;7564.0
88710.0;6284.0
88720.0;6596.0
88730.0;6254.0
88740.0;7198.0
88780.0;6250.0
88820.0;7486.0
88850.0;6123.0
88880.0;6945.0
88920.0;6362.0
88950.0;7053.0
88960.0;6743.0
89010.0;7344.0
89020.0;6684.0
89030.0;6951.0
89060.0;6587.0
89080.0;8707.0
89090.0;8826.0
89100.0;8742.0
89120.0;8076.0
89160.0;9986.0
89200.0;7803.0
89220.0;9110.0
89260.0;7900.0
89280.0;9175.0
89300.0;8644.0
89310.0;9004.0
89320.0;8674.0
89340.0;9590.0
89350.0;8879.0
89390.0;8421.0
89420.0;9074.0
89440.0;8429.0
89470.0;8287.0
89500.0;10390.0
89510.0;8433.0
89530.0;8238.0
89550.0;9161.0
89560.0;8941.0
89570.0;9119.0
89590.0;8208.0
89620.0;9750.0
89630.0;6875.0
89640.0;7105.0
89660.0;6844.0
89670.0;7566.0
89720.0;6092.0
89740.0;7252.0
89790.0;6318.0
89830.0;7683.0
89860.0;6061.0
89900.0;7237.0
89910.0;6259.0
89930.0;7085.0
89950.0;6726.0
90000.0;7378.0
90040.0;6138.0
90070.0;7484.0
90110.0;6404.0
90140.0;7487.0
90180.0;6627.0
90230.0;10050.0
90250.0;7867.0
90290.0;9854.0
90300.0;9078.0
90310.0;9845.0
90320.0;8848.0
90330.0;9534.0
90380.0;8204.0
90390.0;9650.0
90400.0;9558.0
90420.0;9924.0
90450.0;8053.0
90480.0;10250.0
90520.0;7912.0
90560.0;9435.0
90570.0;7817.0
90600.0;8879.0
90630.0;8368.0
90640.0;9827.0
90650.0;8949.0
90670.0;10150.0
90680.0;8680.0
90690.0;9188.0
90720.0;7933.0
90730.0;9429.0
90780.0;6043.0
90800.0;7575.0
90840.0;6432.0
90890.0;7307.0
90910.0;6545.0
90930.0;6991.0
90950.0;6881.0
90960.0;7652.0
90970.0;6869.0
91000.0;7707.0
91030.0;6300.0
91060.0;7160.0
91080.0;6946.0
91090.0;7301.0
91100.0;6217.0
91120.0;6402.0
91150.0;7763.0
91170.0;6207.0
91220.0;7373.0
91240.0;6218.0
91270.0;6988.0
91280.0;6747.0
91290.0;7547.0
91310.0;6850.0
91340.0;10000.0
91360.0;8555.0
91390.0;9015.0
91440.0;8232.0
91490.0;9605.0
91520.0;8043.0
91530.0;9915.0
91580.0;8205.0
91610.0;8807.0
91620.0;8737.0
91630.0;8808.0
91640.0;8741.0
91650.0;8536.0
91660.0;10110.0
91700.0;7967.0
91750.0;9073.0
91760.0;7846.0
91770.0;8430.0
91780.0;7876.0
91790.0;10100.0
91850.0;7822.0
91870.0;8628.0
91900.0;6740.0
91930.0;7106.0
91940.0;6862.0
91950.0;7442.0
91960.0;6929.0
91970.0;6911.0
91980.0;6944.0
91990.0;7695.0
92040.0;6291.0
92060.0;7109.0
92100.0;6538.0
92150.0;7675.0
92160.0;6349.0
92210.0;7568.0
92230.0;6057.0
92260.0;6983.0
92280.0;6687.0
92310.0;7189.0
92320.0;9198.0
92330.0;6927.0
92340.0;6869.0
92350.0;6969.0
92360.0;6410.0
92380.0;8654.0
92400.0;8729.0
92440.0;8066.0
92460.0;10290.0
92490.0;7887.0
92520.0;9934.0
92560.0;8044.0
92600.0;9118.0
92610.0;8501.0
92630.0;9905.0
92640.0;8745.0
92650.0;10070.0
92690.0;7997.0
92740.0;9763.0
92760.0;8311.0
92810.0;9543.0
92840.0;8294.0
92860.0;10340.0
92890.0;7898.0
92920.0;8433.0
92930.0;6986.0
92970.0;7047.0
92980.0;7209.0
93020.0;6364.0
93070.0;7163.0
93090.0;6386.0
93120.0;7677.0
93160.0;6305.0
93210.0;7596.0
93230.0;6188.0
93250.0;7557.0
93270.0;6814.0
93280.0;7223.0
93290.0;6757.0
93310.0;7259.0
93350.0;6408.0
93370.0;6958.0
93380.0;6430.0
93390.0;6768.0
