10.0;6849.0
30.0;6395.0
50.0;6619.0
80.0;7661.0
110.0;6652.0
140.0;7030.0
170.0;6515.0
200.0;7048.0
220.0;6313.0
270.0;7608.0
280.0;6296.0
290.0;8314.0
300.0;8429.0
310.0;8369.0
330.0;9348.0
370.0;8048.0
380.0;9019.0
400.0;8208.0
420.0;9987.0
430.0;8499.0
440.0;8869.0
460.0;8752.0
470.0;9827.0
490.0;7861.0
530.0;9939.0
560.0;7860.0
590.0;10270.0
630.0;8140.0
670.0;9052.0
700.0;8122.0
730.0;9851.0
740.0;8526.0
750.0;9973.0
760.0;8903.0
780.0;10160.0
830.0;7648.0
840.0;8061.0
900.0;6152.0
930.0;7549.0
960.0;6268.0
1010.0;7342.0
1030.0;6639.0
1040.0;7060.0
1080.0;6534.0
1090.0;8817.0
1100.0;6955.0
1120.0;7636.0
1150.0;6274.0
1160.0;6442.0
1170.0;6318.0
1190.0;7347.0
1220.0;6132.0
1260.0;7451.0
1280.0;6718.0
1290.0;7092.0
1310.0;6562.0
1340.0;8041.0
1350.0;6468.0
1360.0;6890.0
1370.0;6693.0
1390.0;7140.0
1400.0;6947.0
1430.0;9920.0
1440.0;9089.0
1460.0;10100.0
1490.0;8065.0
1510.0;9878.0
1520.0;8765.0
1540.0;9732.0
1560.0;8251.0
1570.0;9708.0
1580.0;9002.0
1600.0;10290.0
1610.0;8783.0
1630.0;9837.0
1640.0;8976.0
1650.0;9791.0
1690.0;7999.0
1700.0;8709.0
1710.0;8868.0
1720.0;8795.0
1740.0;8838.0
1750.0;7732.0
1780.0;9389.0
1790.0;9562.0
1810.0;8727.0
1820.0;9716.0
1840.0;8656.0
1860.0;9795.0
1910.0;6765.0
1930.0;7053.0
1940.0;6881.0
1950.0;6983.0
1960.0;6947.0
1980.0;7425.0
2020.0;6417.0
2040.0;7547.0
2090.0;6521.0
2110.0;7552.0
2120.0;7207.0
2130.0;7545.0
2160.0;6582.0
2200.0;7539.0
2230.0;6106.0
2240.0;7049.0
2280.0;6716.0
2310.0;7531.0
2340.0;6152.0
2380.0;7336.0
2410.0;6254.0
2420.0;6699.0
2430.0;6371.0
2440.0;9931.0
2450.0;6808.0
2470.0;9481.0
2500.0;8556.0
2530.0;8967.0
2540.0;8237.0
2550.0;9768.0
2560.0;7992.0
2570.0;9239.0
2610.0;7983.0
2660.0;9722.0
2680.0;7965.0
2720.0;10050.0
2750.0;7888.0
2780.0;9578.0
2790.0;8963.0
2800.0;9281.0
2820.0;8808.0
2830.0;10300.0
2850.0;8706.0
2860.0;9818.0
2870.0;7721.0
2890.0;8916.0
2900.0;8587.0
2910.0;9001.0
2940.0;8232.0
3000.0;9411.0
3020.0;7914.0
3030.0;8702.0
3040.0;6995.0
3050.0;6764.0
3060.0;7425.0
3090.0;6055.0
3110.0;7006.0
3120.0;7062.0
3130.0;7033.0
3140.0;6798.0
3170.0;7748.0
3180.0;6862.0
3220.0;6266.0
3230.0;7197.0
3270.0;6481.0
3280.0;6999.0
3290.0;6314.0
3320.0;7489.0
3350.0;6205.0
3380.0;6999.0
3420.0;6254.0
3460.0;7040.0
3480.0;6734.0
3510.0;7521.0
3530.0;6800.0
3570.0;10120.0
3620.0;7755.0
3630.0;9755.0
3640.0;8785.0
3650.0;9665.0
3670.0;8822.0
3690.0;9884.0
3700.0;8887.0
3730.0;8468.0
3740.0;8916.0
3760.0;8322.0
3770.0;8891.0
3780.0;7808.0
3790.0;9108.0
3800.0;7875.0
3820.0;8704.0
3830.0;10170.0
3880.0;7967.0
3890.0;9722.0
3900.0;9925.0
3910.0;9691.0
3920.0;10270.0
3930.0;7891.0
3970.0;9817.0
3980.0;8950.0
3990.0;9490.0
4020.0;8798.0
4070.0;6119.0
4100.0;6916.0
4130.0;6116.0
4160.0;7366.0
4170.0;7331.0
4180.0;7352.0
4190.0;7513.0
4210.0;6384.0
4250.0;7477.0
4270.0;6255.0
4280.0;7349.0
4310.0;6670.0
4330.0;6997.0
4350.0;6911.0
4360.0;7406.0
4400.0;6373.0
4410.0;6550.0
4420.0;6413.0
4430.0;7312.0
4460.0;6469.0
4520.0;7536.0
4540.0;6429.0
4590.0;7164.0
4600.0;8682.0
4610.0;8082.0
4620.0;8778.0
4640.0;8925.0
4650.0;8831.0
4660.0;8042.0
4670.0;8960.0
4680.0;8645.0
4700.0;9541.0
4710.0;8986.0
4720.0;9792.0
4740.0;8380.0
4780.0;10370.0
4800.0;8305.0
4820.0;8352.0
4840.0;9616.0
4880.0;8007.0
4890.0;9878.0
4900.0;8589.0
4920.0;8299.0
4940.0;8953.0
4950.0;8496.0
4980.0;8858.0
5000.0;7973.0
5020.0;10480.0
5060.0;7836.0
5100.0;10020.0
5140.0;5969.0
5160.0;9380.0
5170.0;6858.0
5180.0;7458.0
5200.0;6875.0
5210.0;6959.0
5240.0;6883.0
5250.0;7042.0
5260.0;6350.0
5280.0;6925.0
5310.0;7034.0
5340.0;6161.0
5360.0;7481.0
5390.0;6337.0
5440.0;7201.0
5460.0;6608.0
5470.0;8968.0
5480.0;6744.0
5500.0;6845.0
5510.0;6654.0
5530.0;7087.0
5540.0;6770.0
5550.0;7531.0
5590.0;6414.0
5630.0;9878.0
5640.0;8813.0
5680.0;8283.0
5710.0;10250.0
5740.0;8056.0
5770.0;9261.0
5800.0;7879.0
5830.0;9891.0
5850.0;9064.0
5860.0;9832.0
5870.0;9008.0
5890.0;9779.0
5930.0;7901.0
5970.0;9867.0
6000.0;8228.0
6050.0;9851.0
6070.0;8374.0
6080.0;9964.0
6100.0;7016.0
6110.0;6884.0
6130.0;6972.0
6140.0;6617.0
6150.0;7088.0
6170.0;6919.0
6180.0;6071.0
6230.0;7447.0
6270.0;6117.0
6300.0;7532.0
6330.0;6106.0
6370.0;7601.0
6380.0;6826.0
6400.0;7035.0
6410.0;6567.0
6420.0;7044.0
6450.0;6514.0
6470.0;6993.0
6490.0;6775.0
6500.0;6890.0
6510.0;6435.0
6570.0;7831.0
6590.0;6003.0
6610.0;9972.0
6620.0;8727.0
6640.0;10280.0
6650.0;7902.0
6670.0;10080.0
6700.0;8620.0
6710.0;9896.0
6720.0;8806.0
6740.0;10160.0
6750.0;8717.0
6770.0;9845.0
6790.0;8154.0
6830.0;9961.0
6860.0;8132.0
6880.0;9523.0
6930.0;8082.0
6940.0;9233.0
6960.0;8599.0
6980.0;9799.0
7000.0;8185.0
7010.0;9745.0
7020.0;9269.0
7030.0;9863.0
7040.0;8576.0
7080.0;10040.0
7120.0;6360.0
7140.0;7270.0
7150.0;6855.0
7170.0;6941.0
7180.0;6017.0
7200.0;7156.0
7210.0;6769.0
7230.0;7344.0
7260.0;6335.0
7290.0;6902.0
7300.0;9100.0
7330.0;6428.0
7350.0;7081.0
7380.0;6333.0
7410.0;7592.0
7450.0;6344.0
7480.0;7343.0
7510.0;6149.0
7550.0;6685.0
7560.0;7360.0
7600.0;6611.0
7620.0;10280.0
7640.0;8576.0
7650.0;9106.0
7680.0;8679.0
7690.0;9964.0
7710.0;7939.0
7730.0;10060.0
7740.0;9098.0
7760.0;10420.0
7790.0;7899.0
7810.0;9923.0
7840.0;7916.0
7870.0;9949.0
7890.0;8948.0
7910.0;9865.0
7940.0;8503.0
7960.0;9245.0
7970.0;8320.0
8000.0;9322.0
8050.0;7878.0
8100.0;10080.0
8120.0;6059.0
8160.0;7479.0
8180.0;6391.0
8200.0;6898.0
8210.0;6932.0
8220.0;6915.0
8230.0;6699.0
8250.0;6875.0
8270.0;7560.0
8300.0;6294.0
8340.0;7490.0
8360.0;5941.0
8410.0;7403.0
8440.0;7132.0
8450.0;6239.0
8500.0;7221.0
8520.0;6468.0
8540.0;7017.0
8550.0;6783.0
8560.0;7005.0
8570.0;6524.0
8600.0;7358.0
8640.0;5919.0
8680.0;9535.0
8700.0;7755.0
8760.0;9462.0
8790.0;8162.0
8800.0;8703.0
8820.0;8811.0
8830.0;8153.0
8880.0;9112.0
8910.0;7893.0
8940.0;10000.0
8970.0;7883.0
9010.0;9213.0
9030.0;7987.0
9060.0;9056.0
9080.0;8365.0
9090.0;9175.0
9100.0;8868.0
9110.0;10830.0
9120.0;9244.0
9150.0;8490.0
9160.0;8762.0
9170.0;8125.0
9190.0;9381.0
9210.0;8672.0
9220.0;9956.0
9240.0;6345.0
9260.0;7382.0
9270.0;7349.0
9290.0;7482.0
9310.0;6165.0
9340.0;6964.0
9360.0;7006.0
9370.0;6691.0
9380.0;6770.0
9410.0;6705.0
9420.0;9014.0
9430.0;6953.0
9460.0;7441.0
9510.0;6123.0
9530.0;7461.0
9570.0;6421.0
9620.0;7466.0
9650.0;6649.0
9660.0;7050.0
9690.0;6471.0
9700.0;7058.0
9720.0;6672.0
9740.0;9186.0
9770.0;8159.0
9800.0;10360.0
9830.0;8061.0
9870.0;9372.0
9900.0;7828.0
9910.0;9721.0
9920.0;8732.0
9930.0;9742.0
9940.0;8560.0
9950.0;9267.0
9990.0;8689.0
10000.0;9845.0
10030.0;8219.0
10070.0;8935.0
10090.0;7991.0
10100.0;8308.0
10110.0;8058.0
10120.0;10050.0
10140.0;9078.0
10150.0;9747.0
10180.0;7911.0
10190.0;9817.0
10200.0;8700.0
10220.0;10040.0
10240.0;6355.0
10280.0;7096.0
10310.0;6892.0
10320.0;7545.0
10360.0;6182.0
10390.0;7501.0
10440.0;6174.0
10460.0;7630.0
10500.0;6426.0
10540.0;6957.0
10550.0;6732.0
10560.0;7040.0
10580.0;6592.0
10610.0;7049.0
10620.0;6190.0
10660.0;7579.0
10700.0;6416.0
10730.0;7384.0
10770.0;6235.0
10810.0;8863.0
10840.0;7566.0
10850.0;8052.0
10860.0;7982.0
10880.0;8242.0
10890.0;7809.0
10910.0;8235.0
10940.0;8042.0
10960.0;7177.0
10990.0;8778.0
11030.0;7633.0
11070.0;8520.0
11090.0;7492.0
11110.0;8424.0
11130.0;7896.0
11140.0;8956.0
11180.0;7717.0
11200.0;8245.0
11230.0;7493.0
11260.0;8223.0
11300.0;7177.0
11320.0;8713.0
11330.0;8604.0
11340.0;8707.0
11350.0;7771.0
11360.0;8978.0
11370.0;6612.0
11380.0;6854.0
11390.0;6797.0
11400.0;6828.0
11410.0;7444.0
11430.0;6488.0
11440.0;7168.0
11460.0;6681.0
11480.0;7030.0
11490.0;7092.0
11500.0;6894.0
11510.0;7063.0
11520.0;6876.0
11530.0;7019.0
11540.0;6958.0
11560.0;6487.0
11580.0;7404.0
11630.0;6320.0
11670.0;9700.0
11690.0;6332.0
11730.0;7043.0
11760.0;5962.0
11780.0;6997.0
11820.0;6730.0
11850.0;7320.0
11880.0;6049.0
11910.0;6958.0
11920.0;6288.0
11930.0;8015.0
11950.0;7496.0
11990.0;8426.0
12030.0;8197.0
12040.0;7655.0
12050.0;8245.0
12080.0;7732.0
12090.0;8030.0
12110.0;6840.0
12120.0;8222.0
12150.0;7429.0
12160.0;7750.0
12180.0;9854.0
12220.0;7395.0
12260.0;8482.0
12290.0;7362.0
12310.0;8113.0
12340.0;8346.0
12350.0;8024.0
12380.0;8392.0
12410.0;7313.0
12420.0;7826.0
12430.0;6987.0
12440.0;6965.0
12450.0;7023.0
12460.0;6971.0
12500.0;6383.0
12510.0;9045.0
12520.0;7382.0
12530.0;7537.0
12570.0;6383.0
12600.0;7523.0
12620.0;6541.0
12640.0;7039.0
12660.0;6844.0
12670.0;7595.0
12680.0;6852.0
12710.0;7487.0
12750.0;6252.0
12780.0;7339.0
12830.0;6489.0
12860.0;7568.0
12900.0;6552.0
12920.0;7941.0
12940.0;6270.0
12950.0;6932.0
12960.0;6244.0
12990.0;9847.0
13010.0;8378.0
13050.0;10490.0
13070.0;8030.0
13110.0;10220.0
13140.0;7937.0
13170.0;10690.0
13210.0;8863.0
13240.0;9776.0
13250.0;8848.0
13260.0;9946.0
13270.0;8093.0
13310.0;8709.0
13320.0;9985.0
13340.0;8189.0
13390.0;10270.0
13410.0;8455.0
13420.0;8431.0
13430.0;8446.0
13440.0;8880.0
13450.0;8677.0
13460.0;9382.0
13470.0;7804.0
13480.0;9718.0
13500.0;7008.0
13520.0;6905.0
13530.0;7088.0
13540.0;7010.0
13550.0;7330.0
13560.0;6973.0
13570.0;7592.0
13610.0;6265.0
13640.0;7485.0
13670.0;6098.0
13720.0;7704.0
13750.0;6594.0
13770.0;7003.0
13780.0;6912.0
13790.0;6935.0
13800.0;6915.0
13820.0;6489.0
13830.0;6801.0
13860.0;6887.0
13870.0;6701.0
13890.0;6967.0
13910.0;7706.0
13940.0;5982.0
13970.0;7597.0
13990.0;6892.0
14020.0;9745.0
14040.0;8798.0
14060.0;10210.0
14070.0;8496.0
14080.0;8908.0
14090.0;8176.0
14120.0;10030.0
14130.0;8678.0
14140.0;8901.0
14160.0;8547.0
14170.0;9121.0
14180.0;8675.0
14190.0;9008.0
14200.0;7850.0
14230.0;10390.0
14240.0;9114.0
14250.0;9383.0
14280.0;8143.0
14310.0;9966.0
14350.0;7979.0
14380.0;9961.0
14400.0;8688.0
14420.0;9991.0
14430.0;8854.0
14440.0;8646.0
14450.0;9034.0
14480.0;7948.0
14500.0;8948.0
14510.0;8868.0
14520.0;8920.0
14530.0;7923.0
14550.0;8589.0
14560.0;7563.0
14590.0;7374.0
14610.0;6593.0
14620.0;7117.0
14630.0;6725.0
14660.0;6973.0
14680.0;6202.0
14700.0;7025.0
14710.0;6969.0
14720.0;7059.0
14740.0;6691.0
14760.0;7594.0
14810.0;6305.0
14840.0;7354.0
14870.0;6172.0
14920.0;7456.0
14950.0;6157.0
14960.0;7047.0
15010.0;6713.0
15030.0;7037.0
15070.0;6541.0
15110.0;7476.0
15120.0;6237.0
15150.0;9157.0
15160.0;9127.0
15170.0;9175.0
15180.0;8892.0
15190.0;7908.0
15230.0;8959.0
15240.0;7594.0
15280.0;10190.0
15300.0;8535.0
15310.0;8671.0
15340.0;8184.0
15350.0;9949.0
15360.0;8732.0
15390.0;9699.0
15400.0;7890.0
15440.0;10090.0
15470.0;8125.0
15490.0;9881.0
15510.0;8787.0
15520.0;10000.0
15530.0;7900.0
15570.0;9813.0
15590.0;8362.0
15610.0;10190.0
15660.0;8089.0
15680.0;10130.0
15690.0;7395.0
15720.0;6491.0
15740.0;6758.0
15750.0;6529.0
15780.0;7643.0
15810.0;6727.0
15820.0;7099.0
15850.0;6692.0
15860.0;7115.0
15880.0;6731.0
15900.0;7005.0
15930.0;6438.0
15960.0;7563.0
16010.0;6198.0
16040.0;7562.0
16050.0;6399.0
16090.0;6895.0
16100.0;6815.0
16110.0;7384.0
16150.0;6820.0
16170.0;7013.0
16190.0;6745.0
16200.0;7009.0
16240.0;6492.0
16290.0;10270.0
16300.0;8585.0
16310.0;9561.0
16330.0;8173.0
16370.0;9531.0
16400.0;8321.0
16430.0;8683.0
16440.0;9599.0
16450.0;8848.0
16470.0;9737.0
16490.0;8972.0
16500.0;9874.0
16530.0;8240.0
16550.0;9529.0
16560.0;8643.0
16570.0;10060.0
16580.0;8520.0
16600.0;8477.0
16610.0;8614.0
16630.0;9477.0
16640.0;9203.0
16650.0;10000.0
16660.0;8113.0
16720.0;9117.0
16740.0;8021.0
16760.0;9956.0
16780.0;8031.0
16800.0;9478.0
16810.0;7040.0
16820.0;7525.0
16850.0;6493.0
16870.0;6390.0
16890.0;7335.0
16930.0;6501.0
16970.0;7655.0
17000.0;6132.0
17020.0;7069.0
17050.0;6228.0
17080.0;6983.0
17120.0;6316.0
17150.0;7558.0
17190.0;6624.0
17230.0;7468.0
17250.0;6190.0
17290.0;7028.0
17300.0;6488.0
17310.0;8941.0
17320.0;8892.0
17340.0;9110.0
17350.0;8777.0
17360.0;8862.0
17370.0;8838.0
17380.0;8116.0
17410.0;9997.0
17420.0;8691.0
17430.0;10010.0
17450.0;8372.0
17460.0;10000.0
17490.0;10380.0
17520.0;8301.0
17560.0;8767.0
17570.0;10240.0
17590.0;8151.0
17610.0;9944.0
17640.0;8337.0
17680.0;11500.000000000002
17720.0;7818.0
17750.0;9461.0
17780.0;8391.0
17800.0;9104.0
17810.0;7072.0
17830.0;7353.0
17860.0;6517.0
17890.0;7170.0
17930.0;6673.0
17950.0;6979.0
17980.0;6134.0
18010.0;7511.0
18060.0;6113.0
18090.0;7435.0
18110.0;6148.0
18120.0;9417.0
18130.0;6557.0
18160.0;7538.0
18200.0;6421.0
18220.0;7132.0
18240.0;6499.0
18250.0;6944.0
18270.0;6782.0
18290.0;6947.0
18310.0;6521.0
18360.0;10400.0
18380.0;8385.0
18430.0;9317.0
18460.0;7780.0
18480.0;9102.0
18520.0;8611.0
18540.0;9844.0
18550.0;9070.0
18560.0;9884.0
18570.0;8035.0
18600.0;9130.0
18620.0;8658.0
18630.0;9973.0
18660.0;7986.0
18690.0;10320.0
18710.0;7908.0
18740.0;9972.0
18780.0;7769.0
18800.0;8827.0
18820.0;8915.0
18830.0;8743.0
18840.0;8851.0
18850.0;9905.0
18860.0;8852.0
18870.0;10080.0
18890.0;6760.0
18920.0;6126.0
18940.0;7418.0
18970.0;6014.0
19020.0;7563.0
19060.0;6648.0
19090.0;7060.0
19100.0;6386.0
19110.0;6818.0
19120.0;6283.0
19150.0;7037.0
19180.0;6457.0
19210.0;7618.0
19250.0;6197.0
19290.0;7533.0
19300.0;6416.0
19310.0;6551.0
19320.0;6410.0
19360.0;7376.0
19380.0;6942.0
19390.0;7188.0
19420.0;6985.0
19430.0;6370.0
19450.0;9027.0
19460.0;9102.0
19470.0;8903.0
19480.0;8893.0
19490.0;8928.0
19510.0;8044.0
19530.0;9372.0
19550.0;9524.0
19560.0;9028.0
19570.0;9608.0
19580.0;7953.0
19600.0;9041.0
19610.0;8644.0
19620.0;9099.0
19640.0;8047.0
19660.0;9765.0
19670.0;8895.0
19690.0;9990.0
19720.0;8518.0
19730.0;10210.0
19770.0;7944.0
19800.0;9283.0
19830.0;7849.0
19880.0;10290.0
19900.0;8765.0
19910.0;9725.0
19920.0;9001.0
19940.0;8624.0
19950.0;9092.0
19980.0;8074.0
20000.0;8864.0
20010.0;7062.0
20040.0;6386.0
20080.0;7609.0
20110.0;6348.0
20140.0;7471.0
20160.0;6393.0
20170.0;6481.0
20180.0;6434.0
20200.0;7164.0
20210.0;6731.0
20220.0;7247.0
20230.0;7025.0
20240.0;7090.0
20250.0;7567.0
20260.0;6969.0
20270.0;6911.0
20280.0;6949.0
20300.0;6524.0
20310.0;7088.0
20320.0;6704.0
20350.0;7039.0
20380.0;6369.0
20390.0;7396.0
20420.0;7556.0
20430.0;6358.0
20450.0;7022.0
20460.0;6614.0
20480.0;7458.0
20490.0;6972.0
20540.0;9840.0
20560.0;8776.0
20590.0;10260.0
20600.0;8771.0
20640.0;7963.0
20680.0;9763.0
20690.0;7821.0
20720.0;8333.0
20730.0;9954.0
20740.0;9558.0
20750.0;9949.0
20770.0;8339.0
20800.0;8633.0
20820.0;8444.0
20830.0;8597.0
20840.0;8315.0
20870.0;8638.0
20890.0;8133.0
20920.0;9325.0
20970.0;7862.0
21010.0;9756.0
21040.0;7929.0
21070.0;9284.0
21120.0;8476.0
21130.0;8638.0
21140.0;8593.0
21160.0;7869.0
21190.0;9768.0
21220.0;7836.0
21250.0;8385.0
21300.0;6092.0
21330.0;7579.0
21360.0;6226.0
21390.0;7014.0
21410.0;6767.0
21450.0;7412.0
21490.0;6498.0
21510.0;7029.0
21520.0;6730.0
21540.0;6929.0
21570.0;6201.0
21600.0;7442.0
21630.0;6502.0
21680.0;7172.0
21700.0;6287.0
21710.0;7114.0
21720.0;6667.0
21750.0;7057.0
21770.0;6935.0
21790.0;7635.0
21820.0;6088.0
21850.0;7393.0
21880.0;6383.0
21890.0;6360.0
21900.0;6408.0
21940.0;8995.0
21970.0;7594.0
22010.0;8198.0
22030.0;7901.0
22070.0;8119.0
22080.0;7664.0
22130.0;9067.0
22140.0;7872.0
22170.0;7514.0
22190.0;8475.0
22230.0;7853.0
22250.0;8827.0
22260.0;7998.0
22270.0;8666.0
22310.0;7839.0
22340.0;8162.0
22350.0;7815.0
22390.0;8216.0
22400.0;8093.0
22420.0;6711.0
22470.0;7586.0
22500.0;6127.0
22530.0;7456.0
22550.0;6468.0
22600.0;7645.0
22610.0;6815.0
22640.0;7398.0
22660.0;5830.0
22670.0;6765.0
22680.0;6263.0
22710.0;7449.0
22750.0;6288.0
22770.0;7381.0
22780.0;7418.0
22800.0;7387.0
22830.0;6144.0
22870.0;7382.0
22890.0;6244.0
22920.0;8178.0
22940.0;7624.0
22980.0;8719.0
23010.0;7355.0
23040.0;8479.0
23050.0;8497.0
23060.0;8441.0
23080.0;7588.0
23110.0;8014.0
23120.0;9918.0
23140.0;8158.0
23160.0;7878.0
23200.0;8194.0
23210.0;7686.0
23220.0;8079.0
23230.0;7362.0
23240.0;8149.0
23270.0;8233.0
23280.0;7795.0
23310.0;8697.0
23320.0;8499.0
23330.0;8626.0
23340.0;7445.0
23390.0;8689.0
23430.0;6205.0
23460.0;7379.0
23480.0;6822.0
23520.0;7495.0
23540.0;6437.0
23560.0;7129.0
23580.0;6876.0
23590.0;7033.0
23600.0;6970.0
23620.0;6387.0
23650.0;7707.0
23680.0;6194.0
23730.0;7582.0
23760.0;6432.0
23770.0;7182.0
23790.0;6811.0
23840.0;7652.0
23870.0;6222.0
23910.0;7222.0
23920.0;8815.0
23940.0;8264.0
23950.0;8337.0
23960.0;8288.0
24000.0;9998.0
24020.0;7969.0
24030.0;8376.0
24040.0;7936.0
24050.0;9774.0
24060.0;8660.0
24070.0;9009.0
24090.0;8230.0
24120.0;9011.0
24140.0;8169.0
24180.0;9300.0
24200.0;7858.0
24250.0;9395.0
24270.0;8225.0
24310.0;8633.0
24330.0;10010.0
24360.0;8354.0
24390.0;9097.0
24400.0;8234.0
24410.0;8795.0
24420.0;8358.0
24440.0;8759.0
24450.0;9827.0
24480.0;6728.0
24510.0;7673.0
24530.0;6372.0
24580.0;7608.0
24600.0;6556.0
24640.0;7001.0
24650.0;6838.0
24660.0;7456.0
24700.0;6788.0
24720.0;6990.0
24730.0;6265.0
24760.0;7044.0
24770.0;6628.0
24790.0;6984.0
24810.0;6326.0
24850.0;7432.0
24880.0;6097.0
24920.0;7403.0
24940.0;6528.0
24970.0;6983.0
24980.0;9175.0
24990.0;8628.0
25000.0;8824.0
25010.0;9946.0
25040.0;8567.0
25050.0;8731.0
25060.0;8570.0
25080.0;7921.0
25100.0;9351.0
25110.0;8611.0
25120.0;8775.0
25130.0;8250.0
25150.0;8221.0
25160.0;9763.0
25190.0;9623.0
25220.0;8217.0
25230.0;8829.0
25250.0;8453.0
25260.0;8756.0
25270.0;8642.0
25280.0;8118.0
25320.0;9086.0
25330.0;8094.0
25340.0;9903.0
25350.0;8766.0
25370.0;9250.0
25410.0;7957.0
25440.0;10260.0
25490.0;6936.0
25520.0;7362.0
25550.0;6702.0
25560.0;6963.0
25590.0;6803.0
25610.0;6222.0
25630.0;6901.0
25640.0;6834.0
25650.0;7015.0
25680.0;6756.0
25700.0;7571.0
25710.0;7548.0
25720.0;7571.0
25740.0;6283.0
25780.0;7607.0
25790.0;6100.0
25850.0;7326.0
25860.0;6917.0
25870.0;7143.0
25880.0;6956.0
25890.0;7429.0
25920.0;6450.0
25930.0;6514.0
25940.0;6470.0
25960.0;6940.0
25970.0;6868.0
25980.0;6910.0
26040.0;10000.0
26080.0;7890.0
26120.0;10060.0
26140.0;8417.0
26170.0;9047.0
26190.0;8266.0
26230.0;9453.0
26260.0;8131.0
26290.0;9417.0
26320.0;8042.0
26350.0;8338.0
26360.0;10530.0
26370.0;9041.0
26380.0;9886.0
26390.0;8656.0
26410.0;8370.0
26420.0;8816.0
26450.0;8292.0
26460.0;8511.0
26470.0;8539.0
26480.0;8446.0
26520.0;6180.0
26550.0;7638.0
26560.0;7465.0
26570.0;7670.0
26600.0;6435.0
26640.0;7497.0
26660.0;6200.0
26710.0;7299.0
26720.0;7062.0
26730.0;7021.0
26740.0;7139.0
26750.0;6771.0
26780.0;7084.0
26800.0;6281.0
26810.0;6935.0
26820.0;6866.0
26840.0;6999.0
26850.0;6394.0
26890.0;7511.0
26900.0;7445.0
26910.0;7473.0
26920.0;6328.0
26950.0;7012.0
26960.0;6800.0
26970.0;7588.0
26980.0;7134.0
27040.0;10060.0
27050.0;8840.0
27070.0;8584.0
27080.0;9579.0
27120.0;7923.0
27150.0;9316.0
27190.0;7988.0
27230.0;10150.0
27260.0;8034.0
27290.0;8750.0
27320.0;8597.0
27330.0;8152.0
27370.0;8719.0
27380.0;8275.0
27420.0;9978.0
27430.0;8547.0
27450.0;8200.0
27460.0;8419.0
27470.0;8247.0
27490.0;9935.0
27500.0;8588.0
27520.0;8094.0
27540.0;8406.0
27550.0;6990.0
27560.0;7396.0
27580.0;6867.0
27590.0;7035.0
27600.0;6842.0
27610.0;7788.0
27620.0;6766.0
27640.0;6910.0
27650.0;6591.0
27660.0;7054.0
27670.0;6616.0
27700.0;7018.0
27720.0;6409.0
27750.0;7428.0
27790.0;6355.0
27830.0;7491.0
27860.0;6479.0
27910.0;7219.0
27930.0;6979.0
27940.0;7434.0
27950.0;7020.0
27970.0;7095.0
27980.0;6074.0
28000.0;7073.0
28030.0;6912.0
28050.0;6359.0
28090.0;9390.0
28130.0;8222.0
28140.0;8665.0
28160.0;8612.0
28170.0;10040.0
28180.0;8524.0
28200.0;8809.0
28210.0;8612.0
28230.0;8727.0
28240.0;8091.0
28280.0;10100.0
28290.0;8626.0
28320.0;8058.0
28350.0;9986.0
28380.0;8130.0
28420.0;9210.0
28440.0;8670.0
28450.0;9176.0
28460.0;8350.0
28510.0;8811.0
28530.0;8211.0
28550.0;8565.0
28580.0;6243.0
28620.0;7773.0
28640.0;6107.0
28650.0;6199.0
28660.0;6166.0
28690.0;7406.0
28720.0;6312.0
28760.0;7572.0
28770.0;6783.0
28790.0;7013.0
28800.0;6698.0
28820.0;7033.0
28840.0;6202.0
28850.0;6926.0
28860.0;6984.0
28880.0;6958.0
28910.0;6090.0
28940.0;7618.0
28980.0;6429.0
29030.0;7496.0
29040.0;6299.0
29100.0;10040.0
29110.0;8631.0
29130.0;9208.0
29180.0;7936.0
29200.0;9246.0
29240.0;7980.0
29250.0;8148.0
29260.0;8095.0
29280.0;9993.0
29290.0;9048.0
29300.0;9912.0
29310.0;8017.0
29340.0;8724.0
29370.0;7739.0
29400.0;8790.0
29410.0;8587.0
29430.0;8764.0
29450.0;8698.0
29470.0;9171.0
29480.0;8669.0
29490.0;9809.0
29500.0;8034.0
29530.0;8291.0
29540.0;9034.0
29580.0;6383.0
29610.0;7481.0
29650.0;6652.0
29690.0;6888.0
29700.0;6546.0
29710.0;7085.0
29720.0;6466.0
29750.0;7011.0
29770.0;6330.0
29810.0;7573.0
29840.0;6486.0
29880.0;7443.0
29910.0;6290.0
29960.0;7440.0
29970.0;7064.0
30010.0;6898.0
30020.0;6948.0
30040.0;6146.0
30070.0;8774.0
30110.0;8100.0
30140.0;9364.0
30170.0;7886.0
30210.0;8737.0
30220.0;10110.0
30240.0;8045.0
30260.0;8757.0
30290.0;8549.0
30330.0;9207.0
30370.0;8045.0
30400.0;8883.0
30430.0;8212.0
30460.0;8694.0
30480.0;10400.0
30510.0;7890.0
30520.0;8623.0
30530.0;8718.0
30540.0;8617.0
30560.0;8683.0
30570.0;6532.0
30610.0;7040.0
30630.0;6467.0
30670.0;7802.0
30700.0;6518.0
30730.0;7564.0
30770.0;6426.0
30820.0;7421.0
30850.0;6367.0
30860.0;6913.0
30890.0;6658.0
30900.0;7055.0
30920.0;6796.0
30950.0;7049.0
30960.0;6287.0
31000.0;7749.0
31030.0;6189.0
31050.0;6823.0
31060.0;6531.0
31070.0;7579.0
31090.0;6198.0
31150.0;9298.0
31160.0;8720.0
31170.0;9057.0
31190.0;8688.0
31210.0;8847.0
31230.0;8047.0
31250.0;10080.0
31290.0;8190.0
31300.0;8119.0
31310.0;8209.0
31320.0;10110.0
31330.0;9383.0
31350.0;10170.0
31360.0;8217.0
31400.0;9314.0
31410.0;8687.0
31430.0;9266.0
31440.0;8143.0
31490.0;10830.0
31510.0;8835.0
31520.0;11480.000000000002
31540.0;8761.0
31550.0;12010.000000000002
31570.0;7976.0
31580.0;14070.000000000002
31600.0;8953.0
31610.0;14920.000000000002
31630.0;6590.0
31640.0;12300.000000000002
31660.0;7621.0
31670.0;13620.000000000002
31680.0;7472.0
31700.0;13480.000000000002
31720.0;7034.0
31730.0;13460.000000000002
31750.0;6627.0
31760.0;13490.000000000002
31770.0;6206.0
31790.0;13740.000000000002
31800.0;6912.0
31820.0;13120.000000000002
31840.0;6621.0
31850.0;13980.000000000002
31860.0;7519.0
31880.0;13310.000000000002
31890.0;6351.0
31910.0;12840.000000000002
31930.0;7274.0
31940.0;13840.000000000002
31950.0;6394.0
31970.0;12790.000000000002
31990.0;6831.0
32000.0;13810.000000000002
32020.0;7052.0
32030.0;14110.000000000002
32040.0;7212.0
32060.0;13000.000000000002
32080.0;6798.0
32090.0;13420.000000000002
32110.0;6650.0
32120.0;13800.000000000002
32140.0;8618.0
32150.0;15070.000000000002
32170.0;8045.0
32180.0;15620.000000000002
32190.0;9218.0
32210.0;15670.000000000002
32220.0;8320.0
32240.0;15440.000000000002
32250.0;8665.0
32270.0;14750.000000000002
32290.0;8346.0
32300.0;14010.000000000002
32310.0;8483.0
32330.0;14160.000000000002
32340.0;8634.0
32360.0;13300.000000000002
32370.0;8992.0
32390.0;13240.000000000002
32410.0;8166.0
32420.0;11640.000000000002
32430.0;8158.0
32450.0;11520.000000000002
32460.0;8545.0
32480.0;10870.0
32500.0;8078.0
32510.0;10700.0
32530.0;9328.0
32540.0;10330.0
32560.0;8044.0
32580.0;9778.0
32590.0;8850.0
32600.0;9545.0
32620.0;8551.0
32630.0;11050.0
32640.0;6849.0
32660.0;7663.0
32680.0;6241.0
32710.0;7476.0
32760.0;6249.0
32780.0;7416.0
32810.0;6467.0
32870.0;7348.0
32900.0;6342.0
32910.0;6964.0
32930.0;7021.0
32960.0;6712.0
33000.0;7009.0
33020.0;6288.0
33060.0;7758.0
33100.0;6313.0
33210.0;9844.0
33220.0;8791.0
33230.0;8900.0
33240.0;8620.0
33260.0;9080.0
33280.0;8199.0
33290.0;9016.0
33300.0;8445.0
33320.0;9063.0
33340.0;8192.0
33350.0;8876.0
33360.0;8061.0
33380.0;10990.0
33430.0;8274.0
33440.0;10870.0
33450.0;8550.0
33460.0;9298.0
33470.0;12130.000000000002
33490.0;8208.0
33500.0;12050.000000000002
33520.0;8776.0
33530.0;14370.000000000002
33540.0;8542.0
33560.0;15190.000000000002
33580.0;8633.0
33590.0;15200.000000000002
33600.0;9181.0
33620.0;14480.000000000002
33640.0;7004.0
33650.0;12930.000000000002
33670.0;6469.0
33680.0;12020.000000000002
33700.0;7217.0
33710.0;13060.000000000002
33730.0;7560.0
33740.0;13220.000000000002
33760.0;6273.0
33770.0;13450.000000000002
33790.0;6913.0
33800.0;13910.000000000002
33810.0;6775.0
33830.0;13290.000000000002
33850.0;6926.0
33860.0;14630.000000000002
33870.0;6516.0
33890.0;13650.000000000002
33900.0;7180.0
33920.0;13410.000000000002
33930.0;6892.0
33950.0;12410.000000000002
33960.0;6503.0
33980.0;13790.000000000002
33990.0;6981.0
34010.0;13260.000000000002
34030.0;6747.0
34040.0;13650.000000000002
34050.0;7283.0
34070.0;13240.000000000002
34090.0;6381.0
34100.0;13640.000000000002
34110.0;6939.0
34130.0;13110.000000000002
34150.0;8632.0
34160.0;14170.000000000002
34180.0;8831.0
34190.0;15250.000000000002
34200.0;7964.0
34220.0;14730.000000000002
34240.0;9327.0
34250.0;15410.000000000002
34260.0;8579.0
34280.0;14200.000000000002
34290.0;7980.0
34310.0;15640.000000000002
34330.0;8419.0
34340.0;14430.000000000002
34360.0;8176.0
34370.0;15170.000000000002
34380.0;8683.0
34400.0;15270.000000000002
34410.0;8549.0
34430.0;14820.000000000002
34440.0;8652.0
34460.0;14550.000000000002
34470.0;7972.0
34490.0;14320.000000000002
34510.0;8735.0
34520.0;14810.000000000002
34530.0;8300.0
34550.0;13740.000000000002
34570.0;9635.0
34580.0;14230.000000000002
34600.0;8236.0
34610.0;13180.000000000002
34620.0;8102.0
34640.0;11810.000000000002
34650.0;7310.0
34670.0;10680.0
34680.0;6481.0
34700.0;9873.0
34710.0;6881.0
34730.0;9228.0
34740.0;6973.0
34760.0;9024.0
34770.0;6894.0
34790.0;8485.0
34810.0;6219.0
34820.0;8421.0
34840.0;6988.0
34850.0;8254.0
34870.0;6368.0
34880.0;9083.0
34890.0;6487.0
34910.0;7842.0
34950.0;6132.0
34990.0;7408.0
35010.0;6342.0
35030.0;6968.0
35060.0;6747.0
35080.0;6906.0
35100.0;7581.0
35130.0;6116.0
35160.0;7521.0
35190.0;6758.0
35200.0;8360.0
35220.0;7987.0
35250.0;9570.0
35280.0;8053.0
35320.0;8763.0
35350.0;8108.0
35360.0;8710.0
35380.0;8554.0
35390.0;8979.0
35400.0;8055.0
35440.0;9445.0
35460.0;8151.0
35480.0;8254.0
35500.0;9379.0
35530.0;8071.0
35580.0;9198.0
35620.0;8427.0
35650.0;8682.0
35660.0;8120.0
35690.0;8762.0
35700.0;7016.0
35710.0;7038.0
35720.0;7006.0
35740.0;6539.0
35780.0;7495.0
35790.0;6188.0
35840.0;7503.0
35860.0;6301.0
35890.0;7027.0
35910.0;6856.0
35920.0;7215.0
35940.0;7015.0
35950.0;7201.0
35990.0;6434.0
36020.0;7054.0
36060.0;6274.0
36100.0;7485.0
36140.0;6196.0
36180.0;7475.0
36190.0;6661.0
36240.0;9849.0
36250.0;8564.0
36270.0;8680.0
36280.0;8628.0
36290.0;10160.0
36320.0;8171.0
36360.0;9283.0
36390.0;8144.0
36420.0;8592.0
36440.0;10240.0
36470.0;7938.0
36500.0;8840.0
36510.0;8764.0
36520.0;8834.0
36540.0;8376.0
36580.0;8675.0
36590.0;8269.0
36600.0;9135.0
36610.0;8715.0
36630.0;9266.0
36670.0;7878.0
36690.0;8593.0
36740.0;5738.0
36780.0;7409.0
36810.0;6535.0
36820.0;7029.0
36860.0;6581.0
36870.0;6978.0
36880.0;6786.0
36890.0;7018.0
36900.0;6765.0
36910.0;7142.0
36930.0;6343.0
36970.0;7476.0
37000.0;6181.0
37040.0;7478.0
37060.0;6324.0
37110.0;7397.0
37120.0;6907.0
37140.0;6923.0
37150.0;7332.0
37160.0;6835.0
37200.0;6484.0
37240.0;6945.0
37250.0;6482.0
37270.0;10800.0
37290.0;9059.0
37310.0;10180.0
37320.0;9929.0
37330.0;7959.0
37370.0;8855.0
37390.0;8173.0
37430.0;8732.0
37440.0;8629.0
37470.0;8778.0
37480.0;10220.0
37510.0;7862.0
37550.0;9939.0
37580.0;8081.0
37610.0;8534.0
37620.0;9645.0
37670.0;8396.0
37680.0;8700.0
37690.0;8525.0
37700.0;8644.0
37710.0;8152.0
37720.0;8870.0
37730.0;8338.0
37770.0;8614.0
37780.0;8132.0
37810.0;9282.0
37820.0;7381.0
37870.0;6464.0
37890.0;7303.0
37920.0;6254.0
37970.0;7418.0
38010.0;6806.0
38030.0;6971.0
38050.0;6179.0
38060.0;6828.0
38070.0;6741.0
38090.0;6971.0
38110.0;6063.0
38120.0;6310.0
38130.0;6034.0
38150.0;7588.0
38180.0;6226.0
38230.0;7397.0
38250.0;6490.0
38300.0;7170.0
38310.0;6890.0
38340.0;9148.0
38390.0;7961.0
38420.0;8820.0
38450.0;7901.0
38500.0;10030.0
38520.0;8117.0
38570.0;9217.0
38590.0;8085.0
38630.0;8755.0
38660.0;8585.0
38680.0;10110.0
38690.0;8449.0
38700.0;8519.0
38720.0;8422.0
38730.0;8039.0
38740.0;9567.0
38750.0;8519.0
38760.0;8597.0
38790.0;8239.0
38830.0;10140.0
38880.0;6837.0
38900.0;7031.0
38910.0;6930.0
38920.0;6264.0
38940.0;7065.0
38980.0;6690.0
39010.0;7548.0
39060.0;6529.0
39080.0;7543.0
39110.0;6226.0
39160.0;7731.0
39170.0;6971.0
39180.0;7092.0
39190.0;6793.0
39210.0;7005.0
39220.0;6891.0
39230.0;6945.0
39250.0;6495.0
39290.0;7012.0
39310.0;6180.0
39350.0;7646.0
39370.0;6681.0
39420.0;9569.0
39440.0;7999.0
39470.0;8852.0
39480.0;8658.0
39490.0;8859.0
39500.0;8838.0
39510.0;8860.0
39520.0;8670.0
39530.0;8930.0
39580.0;7821.0
39610.0;9134.0
39650.0;8154.0
39680.0;10090.0
39710.0;7959.0
39750.0;9801.0
39790.0;8054.0
39810.0;8725.0
39820.0;8681.0
39830.0;8811.0
39840.0;8592.0
39850.0;8710.0
39870.0;9430.0
39880.0;7124.0
39920.0;6148.0
39930.0;7190.0
39990.0;6263.0
40010.0;7487.0
40050.0;6461.0
40070.0;6956.0
40080.0;7013.0
40090.0;6875.0
40100.0;7091.0
40120.0;5897.0
40130.0;6992.0
40160.0;7069.0
40170.0;6660.0
40200.0;7424.0
40240.0;6301.0
40270.0;7397.0
40310.0;6302.0
40360.0;7292.0
40390.0;6482.0
40420.0;6975.0
40430.0;6300.0
40440.0;8457.0
40450.0;8060.0
40470.0;9048.0
40500.0;7962.0
40530.0;9352.0
40550.0;9395.0
40570.0;8047.0
40610.0;9412.0
40630.0;7863.0
40690.0;10110.0
40720.0;8670.0
40730.0;8565.0
40750.0;8803.0
40770.0;8052.0
40780.0;9865.0
40790.0;8625.0
40810.0;7853.0
40820.0;8733.0
40830.0;7876.0
40870.0;10310.0
40900.0;8389.0
40930.0;9769.0
40960.0;6366.0
40970.0;6472.0
40980.0;6357.0
41020.0;7180.0
41040.0;6756.0
41050.0;6858.0
41060.0;7469.0
41110.0;6315.0
41130.0;6964.0
41140.0;6825.0
41150.0;6969.0
41160.0;6521.0
41220.0;7750.0
41240.0;6376.0
41250.0;6981.0
41270.0;6814.0
41290.0;7022.0
41310.0;6251.0
41330.0;7017.0
41340.0;6827.0
41350.0;7082.0
41360.0;6793.0
41380.0;7026.0
41390.0;7701.0
41430.0;6330.0
41460.0;8599.0
41490.0;7375.0
41540.0;8636.0
41580.0;7278.0
41590.0;8186.0
41620.0;7752.0
41630.0;8182.0
41640.0;7853.0
41660.0;8262.0
41670.0;7911.0
41690.0;10380.0
41700.0;8000.0
41730.0;8662.0
41770.0;7636.0
41800.0;8684.0
41830.0;7292.0
41880.0;8520.0
41890.0;7935.0
41910.0;8135.0
41920.0;8166.0
41930.0;8156.0
41940.0;8163.0
41950.0;6421.0
41990.0;7116.0
42030.0;6216.0
42070.0;7612.0
42100.0;6130.0
42140.0;7655.0
42170.0;6075.0
42210.0;7387.0
42220.0;6676.0
42250.0;7016.0
42280.0;6858.0
42290.0;6315.0
42340.0;6970.0
42350.0;6249.0
42390.0;7455.0
42400.0;7224.0
42410.0;7376.0
42420.0;6233.0
42430.0;6606.0
42440.0;6325.0
42470.0;8602.0
42500.0;7353.0
42530.0;8217.0
42540.0;8278.0
42570.0;8014.0
42580.0;9785.0
42620.0;7554.0
42650.0;8636.0
42660.0;8030.0
42680.0;7805.0
42690.0;7941.0
42700.0;7614.0
42710.0;9061.0
42760.0;7745.0
42810.0;8476.0
42830.0;7423.0
42850.0;8134.0
42860.0;8156.0
42870.0;8131.0
42880.0;7277.0
42920.0;8944.0
42950.0;7577.0
42970.0;7522.0
42990.0;8433.0
43010.0;6762.0
43030.0;6688.0
43050.0;6839.0
43070.0;8040.0
43100.0;6465.0
43120.0;7182.0
43130.0;6922.0
43150.0;7041.0
43170.0;6582.0
43180.0;6994.0
43190.0;6890.0
43200.0;6999.0
43220.0;6202.0
43260.0;7531.0
43300.0;6246.0
43330.0;7314.0
43360.0;6272.0
43400.0;8562.0
43440.0;7683.0
43470.0;7991.0
43480.0;7392.0
43490.0;8059.0
43510.0;6764.0
43530.0;6910.0
43560.0;6534.0
43580.0;7529.0
43600.0;7381.0
43610.0;6081.0
43660.0;8413.0
43680.0;7674.0
43690.0;8292.0
43700.0;7618.0
43730.0;8055.0
43750.0;7900.0
43760.0;7043.0
43770.0;7347.0
43810.0;6303.0
43840.0;7277.0
43870.0;6720.0
43920.0;8535.0
43950.0;7122.0
43970.0;7976.0
43980.0;7857.0
44000.0;8022.0
44010.0;6217.0
44050.0;6939.0
44070.0;6711.0
44110.0;7598.0
44120.0;6987.0
44130.0;8008.0
44150.0;7544.0
44180.0;8338.0
44220.0;6978.0
44250.0;8207.0
44290.0;6528.0
44300.0;6991.0
44320.0;6776.0
44350.0;6933.0
44360.0;6166.0
44390.0;7810.0
44410.0;7146.0
44450.0;8667.0
44470.0;7005.0
44500.0;7799.0
44550.0;6334.0
44580.0;7338.0
44610.0;6698.0
44620.0;7352.0
44630.0;5862.0
44640.0;8024.0
44670.0;7281.0
44680.0;7948.0
44710.0;7765.0
44740.0;8200.0
44750.0;7005.0
44760.0;6808.0
44790.0;7770.0
44820.0;6158.0
44860.0;7329.0
44880.0;5423.0
44900.0;7971.0
44920.0;7835.0
44930.0;8145.0
44950.0;7872.0
44960.0;8336.0
44970.0;7936.0
44980.0;7840.0
44990.0;8000.0
45010.0;6483.0
45030.0;7288.0
45080.0;6037.0
45130.0;8265.0
45140.0;7159.0
45190.0;8424.0
45210.0;7275.0
45230.0;7981.0
45250.0;7888.0
45260.0;6886.0
45300.0;7505.0
45340.0;6379.0
45380.0;7938.0
45420.0;7346.0
45450.0;8453.0
45480.0;7295.0
45500.0;7744.0
45510.0;6976.0
45520.0;6781.0
45530.0;7004.0
45540.0;6082.0
45560.0;7012.0
45580.0;7047.0
45590.0;6924.0
45600.0;6270.0
45610.0;6995.0
45620.0;7012.0
45630.0;6994.0
45640.0;8566.0
45670.0;7308.0
45700.0;8694.0
45760.0;6691.0
45790.0;7594.0
45820.0;6442.0
45840.0;6872.0
45860.0;6456.0
45870.0;6929.0
45880.0;6526.0
45900.0;7837.0
45920.0;7864.0
45940.0;7285.0
45960.0;8631.0
45980.0;8553.0
46010.0;6651.0
46040.0;7670.0
46060.0;6354.0
46070.0;6709.0
46080.0;6288.0
46120.0;7465.0
46130.0;7089.0
46140.0;7911.0
46150.0;8001.0
46170.0;7732.0
46180.0;7932.0
46190.0;7673.0
46200.0;8037.0
46220.0;7811.0
46230.0;7988.0
46250.0;7977.0
46260.0;5991.0
46300.0;7589.0
46330.0;6073.0
46360.0;7064.0
46370.0;6935.0
46380.0;7380.0
46400.0;7298.0
46420.0;7514.0
46450.0;8493.0
46480.0;7727.0
46490.0;8518.0
46530.0;6109.0
46540.0;7061.0
46550.0;6853.0
46580.0;6937.0
46600.0;6298.0
46610.0;6436.0
46650.0;8488.0
46670.0;7348.0
46680.0;7818.0
46720.0;8032.0
46730.0;7459.0
46760.0;7928.0
46780.0;6978.0
46790.0;7259.0
46800.0;6738.0
46820.0;7510.0
46870.0;6114.0
46890.0;8305.0
46930.0;7218.0
46980.0;8493.0
47020.0;6888.0
47050.0;7664.0
47070.0;6458.0
47110.0;7221.0
47120.0;6586.0
47160.0;8691.0
47200.0;7302.0
47230.0;8383.0
47270.0;6397.0
47310.0;7481.0
47340.0;6060.0
47360.0;7130.0
47380.0;6522.0
47390.0;8071.0
47400.0;7785.0
47420.0;7926.0
47440.0;7709.0
47460.0;6946.0
47500.0;8390.0
47540.0;6059.0
47560.0;7441.0
47580.0;6463.0
47600.0;6467.0
47610.0;6461.0
47650.0;8049.0
47660.0;7939.0
47670.0;7976.0
47700.0;7878.0
47710.0;7991.0
47720.0;7290.0
47750.0;7859.0
47780.0;6247.0
47820.0;7551.0
47830.0;7460.0
47840.0;7553.0
47850.0;6115.0
47900.0;8406.0
47920.0;7404.0
47940.0;8201.0
47950.0;7833.0
47960.0;7890.0
47970.0;7803.0
47980.0;7925.0
47990.0;7837.0
48010.0;8568.0
48020.0;6980.0
48030.0;6832.0
48040.0;6972.0
48060.0;6259.0
48080.0;7339.0
48130.0;6328.0
48150.0;8402.0
48160.0;8323.0
48170.0;8492.0
48190.0;7254.0
48240.0;8471.0
48260.0;6481.0
48280.0;6968.0
48290.0;6838.0
48300.0;6969.0
48310.0;6668.0
48320.0;6776.0
48350.0;7526.0
48380.0;6221.0
48410.0;8299.0
48460.0;7230.0
48510.0;8676.0
48530.0;6520.0
48540.0;7098.0
48560.0;6819.0
48580.0;7008.0
48600.0;6257.0
48680.0;8552.0
48710.0;7100.0
48750.0;8444.0
48780.0;6511.0
48820.0;7491.0
48840.0;6803.0
48850.0;7187.0
48860.0;6313.0
48890.0;7939.0
48910.0;7398.0
48950.0;8086.0
48980.0;6996.0
49010.0;8402.0
49040.0;6305.0
49070.0;6821.0
49080.0;8073.0
49110.0;6200.0
49120.0;6353.0
49130.0;6244.0
49160.0;8413.0
49180.0;7875.0
49190.0;8156.0
49200.0;7555.0
49230.0;8042.0
49240.0;7189.0
49260.0;8306.0
49270.0;7078.0
49310.0;6342.0
49330.0;7342.0
49360.0;7490.0
49370.0;6513.0
49420.0;8321.0
49440.0;7281.0
49450.0;7736.0
49460.0;7341.0
49470.0;7888.0
49510.0;7958.0
49520.0;6811.0
49530.0;7283.0
49580.0;6594.0
49600.0;7357.0
49640.0;6456.0
49690.0;8700.0
49720.0;7523.0
49740.0;7985.0
49750.0;7802.0
49760.0;8444.0
49770.0;6536.0
49810.0;6909.0
49830.0;6957.0
49840.0;6933.0
49870.0;7517.0
49880.0;7073.0
49890.0;7942.0
49900.0;7411.0
49910.0;7503.0
49920.0;7417.0
49930.0;8320.0
49940.0;7953.0
49950.0;8311.0
49980.0;7119.0
50010.0;8448.0
50050.0;6267.0
50100.0;7149.0
50120.0;6318.0
50140.0;7908.0
50150.0;7739.0
50160.0;7983.0
50170.0;7602.0
50200.0;8394.0
50230.0;7270.0
50240.0;7601.0
50270.0;7402.0
50300.0;6086.0
50340.0;7493.0
50390.0;6078.0
50400.0;7963.0
50430.0;7620.0
50440.0;8027.0
50450.0;7405.0
50460.0;7875.0
50480.0;7862.0
50490.0;8055.0
50500.0;7247.0
50510.0;8019.0
50520.0;7067.0
50540.0;7413.0
50570.0;6351.0
50610.0;7395.0
50630.0;6591.0
50690.0;8646.0
50700.0;7731.0
50710.0;8129.0
50720.0;7583.0
50730.0;7943.0
50740.0;7908.0
50750.0;7924.0
50770.0;6243.0
50780.0;6881.0
50790.0;6593.0
50830.0;7086.0
50840.0;6600.0
50860.0;7502.0
50870.0;7458.0
50890.0;7648.0
50910.0;7221.0
50950.0;8361.0
50960.0;7138.0
50990.0;7985.0
51040.0;6829.0
51050.0;6966.0
51060.0;6730.0
51080.0;6944.0
51090.0;6098.0
51120.0;7170.0
51140.0;6388.0
51150.0;8007.0
51170.0;7038.0
51210.0;8574.0
51230.0;7323.0
51260.0;7900.0
51300.0;6311.0
51320.0;6963.0
51360.0;6807.0
51380.0;7083.0
51390.0;8536.0
51430.0;7120.0
51450.0;8105.0
51470.0;7941.0
51480.0;8025.0
51490.0;7066.0
51510.0;7554.0
51520.0;7035.0
51550.0;7456.0
51570.0;6528.0
51620.0;7065.0
51630.0;6298.0
51650.0;7855.0
51670.0;8014.0
51700.0;7270.0
51730.0;8480.0
51770.0;6628.0
51790.0;7651.0
51820.0;6536.0
51840.0;6504.0
51870.0;7379.0
51900.0;6635.0
51920.0;6856.0
51930.0;6287.0
51940.0;7764.0
51950.0;7727.0
51960.0;7824.0
51980.0;7585.0
52010.0;7885.0
52020.0;6952.0
52050.0;8389.0
52100.0;6406.0
52130.0;7346.0
52170.0;6523.0
52210.0;8570.0
52240.0;7304.0
52260.0;8364.0
52280.0;7709.0
52300.0;7932.0
52350.0;6414.0
52370.0;9244.0
52380.0;7276.0
52400.0;7635.0
52420.0;6222.0
52460.0;8274.0
52480.0;7646.0
52490.0;7622.0
52500.0;7650.0
52510.0;7457.0
52540.0;8458.0
52570.0;6957.0
52580.0;6670.0
52600.0;6942.0
52620.0;6113.0
52630.0;7079.0
52670.0;6813.0
52680.0;6462.0
52700.0;7955.0
52740.0;8658.0
52750.0;7469.0
52760.0;7630.0
52770.0;7443.0
52780.0;7971.0
52790.0;7630.0
52800.0;8470.0
52820.0;6589.0
52860.0;7641.0
52880.0;6742.0
52900.0;7108.0
52920.0;6935.0
52930.0;6980.0
52980.0;8299.0
52990.0;7717.0
53010.0;7844.0
53030.0;7459.0
53050.0;8271.0
53090.0;6363.0
53110.0;6965.0
53130.0;6701.0
53140.0;7362.0
53170.0;6413.0
53190.0;7947.0
53210.0;7720.0
53240.0;8129.0
53250.0;9105.0
53290.0;7168.0
53320.0;7438.0
53360.0;6419.0
53370.0;7178.0
53380.0;6976.0
53400.0;7411.0
53430.0;6238.0
53460.0;8031.0
53470.0;7899.0
53490.0;8026.0
53500.0;7572.0
53530.0;7960.0
53550.0;7089.0
53560.0;7999.0
53570.0;7176.0
53590.0;7750.0
53630.0;6185.0
53660.0;7534.0
53680.0;6189.0
53690.0;7551.0
53730.0;8265.0
53750.0;7071.0
53760.0;8103.0
53770.0;7609.0
53780.0;7791.0
53790.0;7817.0
53800.0;7804.0
53830.0;6228.0
53840.0;6841.0
53870.0;7065.0
53880.0;6523.0
53920.0;7689.0
53940.0;6929.0
53990.0;8499.0
54010.0;7399.0
54020.0;7489.0
54030.0;7235.0
54060.0;8483.0
54080.0;7047.0
54090.0;6975.0
54100.0;7128.0
54110.0;6751.0
54130.0;7020.0
54150.0;6577.0
54190.0;8030.0
54210.0;7357.0
54260.0;8638.0
54280.0;7030.0
54310.0;7935.0
54340.0;6207.0
54400.0;7487.0
54420.0;6863.0
54450.0;7910.0
54470.0;7156.0
54510.0;7939.0
54550.0;7204.0
54560.0;7671.0
54580.0;7374.0
54590.0;7608.0
54620.0;6550.0
54640.0;6973.0
54650.0;7054.0
54660.0;6973.0
54670.0;7051.0
54680.0;6131.0
54700.0;7858.0
54710.0;7954.0
54720.0;7872.0
54730.0;8343.0
54760.0;7793.0
54770.0;8542.0
54810.0;6033.0
54840.0;7560.0
54870.0;6076.0
54890.0;7110.0
54910.0;7621.0
54930.0;7286.0
54940.0;7934.0
54950.0;7336.0
54970.0;7960.0
55000.0;7434.0
55010.0;7784.0
55020.0;7346.0
55060.0;8052.0
55070.0;6654.0
55110.0;7668.0
55140.0;6543.0
55170.0;7646.0
55190.0;7931.0
55200.0;7248.0
55220.0;7288.0
55260.0;8410.0
55290.0;7245.0
55310.0;8652.0
55330.0;6386.0
55340.0;6744.0
55350.0;6190.0
55380.0;6927.0
55400.0;6151.0
55450.0;8671.0
55480.0;7103.0
55520.0;8531.0
55560.0;6727.0
55590.0;7417.0
55600.0;7034.0
55610.0;7084.0
55630.0;6877.0
55650.0;6977.0
55670.0;6628.0
55700.0;8057.0
55740.0;7213.0
55780.0;8565.0
55800.0;7664.0
55810.0;8217.0
55820.0;6360.0
55850.0;7538.0
55880.0;6371.0
55900.0;6978.0
55920.0;6890.0
55930.0;6977.0
55960.0;8299.0
55970.0;7885.0
55980.0;8080.0
55990.0;7954.0
56000.0;7094.0
56030.0;8017.0
56040.0;7968.0
56050.0;8036.0
56080.0;6203.0
56110.0;7390.0
56140.0;6421.0
56160.0;7029.0
56180.0;6835.0
56190.0;8470.0
56210.0;7101.0
56230.0;7915.0
56260.0;7104.0
56300.0;8446.0
56330.0;6379.0
56340.0;6637.0
56350.0;6423.0
56360.0;7329.0
56400.0;6164.0
56450.0;8587.0
56480.0;7497.0
56490.0;7901.0
56500.0;7986.0
56510.0;7776.0
56530.0;8002.0
56540.0;7306.0
56560.0;8006.0
56600.0;6171.0
56620.0;9192.0
56630.0;7528.0
56680.0;6243.0
56700.0;8433.0
56730.0;7201.0
56740.0;7612.0
56760.0;7813.0
56770.0;7691.0
56780.0;8297.0
56790.0;7963.0
56800.0;8225.0
56810.0;6876.0
56820.0;6582.0
56830.0;6991.0
56840.0;6892.0
56850.0;6940.0
56860.0;6432.0
56890.0;6971.0
56930.0;6455.0
56960.0;8470.0
56970.0;8403.0
56980.0;8496.0
57000.0;7313.0
57040.0;8534.0
57070.0;6286.0
57080.0;7044.0
57110.0;6793.0
57150.0;7394.0
57170.0;6868.0
57210.0;8011.0
57230.0;7769.0
57250.0;8031.0
57260.0;7199.0
57300.0;8549.0
57330.0;6139.0
57370.0;7375.0
57410.0;6354.0
57450.0;8178.0
57470.0;7922.0
57490.0;8337.0
57540.0;7272.0
57550.0;8353.0
57560.0;7094.0
57600.0;6224.0
57620.0;7633.0
57630.0;7536.0
57640.0;7630.0
57670.0;6280.0
57690.0;7990.0
57710.0;7804.0
57720.0;7982.0
57730.0;7311.0
57750.0;7941.0
57760.0;7818.0
57770.0;7896.0
57790.0;7801.0
57800.0;7922.0
57810.0;6951.0
57820.0;7590.0
57850.0;6285.0
57890.0;7396.0
57930.0;6052.0
57970.0;8553.0
57980.0;8015.0
58000.0;8369.0
58010.0;7903.0
58030.0;7947.0
58060.0;7731.0
58070.0;6532.0
58100.0;6901.0
58120.0;6684.0
58140.0;6924.0
58160.0;7705.0
58180.0;6480.0
58220.0;8381.0
58250.0;7062.0
58310.0;8443.0
58320.0;7075.0
58350.0;6845.0
58370.0;7076.0
58380.0;6054.0
58400.0;6992.0
58410.0;6754.0
58430.0;6875.0
58440.0;7805.0
58450.0;7170.0
58480.0;8538.0
58520.0;7491.0
58560.0;8368.0
58600.0;6356.0
58640.0;7457.0
58690.0;6285.0
58700.0;7940.0
58720.0;7298.0
58730.0;7989.0
58740.0;7682.0
58750.0;7833.0
58770.0;7775.0
58780.0;7363.0
58790.0;7658.0
58800.0;7433.0
58810.0;8299.0
58850.0;6577.0
58860.0;6426.0
58870.0;6545.0
58900.0;7380.0
58920.0;6209.0
58950.0;8271.0
58960.0;8048.0
58970.0;8262.0
59000.0;7924.0
59010.0;8338.0
59050.0;7751.0
59070.0;6599.0
59100.0;7008.0
59110.0;6291.0
59130.0;6339.0
59150.0;7505.0
59190.0;6502.0
59210.0;7893.0
59220.0;7747.0
59240.0;8098.0
59250.0;7477.0
59310.0;8048.0
59320.0;7022.0
59330.0;6774.0
59340.0;7603.0
59380.0;6134.0
59410.0;7310.0
59440.0;6456.0
59490.0;8543.0
59520.0;7093.0
59560.0;7984.0
59590.0;6194.0
59600.0;6699.0
59620.0;6950.0
59630.0;6786.0
59640.0;7145.0
59650.0;7014.0
59660.0;7059.0
59670.0;7457.0
59690.0;6758.0
59700.0;7875.0
59730.0;7236.0
59740.0;8317.0
59780.0;7062.0
59810.0;8420.0
59860.0;6602.0
59890.0;6975.0
59930.0;6402.0
59940.0;9136.0
59960.0;7686.0
60000.0;8492.0
60010.0;8356.0
60020.0;8455.0
60050.0;7181.0
60070.0;10320.0
60080.0;7611.0
60120.0;6317.0
60130.0;7233.0
60140.0;6865.0
60160.0;7527.0
60190.0;6919.0
60230.0;8035.0
60240.0;7350.0
60280.0;8019.0
60310.0;6981.0
60320.0;8491.0
60330.0;7268.0
60340.0;7632.0
60350.0;7396.0
60360.0;7649.0
60390.0;6146.0
60420.0;7441.0
60440.0;6488.0
60490.0;8407.0
60500.0;7956.0
60510.0;8047.0
60520.0;7874.0
60530.0;8115.0
60560.0;7794.0
60570.0;6319.0
60590.0;7020.0
60610.0;6850.0
60620.0;7107.0
60650.0;6438.0
60690.0;8388.0
60710.0;7394.0
60730.0;7982.0
60750.0;7749.0
60760.0;8475.0
60770.0;7400.0
60780.0;7300.0
60790.0;7407.0
60810.0;7988.0
60840.0;6858.0
60860.0;7454.0
60870.0;6704.0
60880.0;7138.0
60900.0;6175.0
60930.0;7395.0
60940.0;6883.0
60960.0;7965.0
60970.0;7235.0
61010.0;8625.0
61040.0;7265.0
61060.0;7614.0
61080.0;6914.0
61090.0;7305.0
61110.0;6412.0
61130.0;7057.0
61140.0;6758.0
61150.0;6915.0
61160.0;6743.0
61180.0;7073.0
61200.0;8295.0
61230.0;7566.0
61240.0;7531.0
61250.0;7623.0
61260.0;8464.0
61300.0;7082.0
61310.0;7546.0
61320.0;6676.0
61350.0;7559.0
61380.0;6295.0
61410.0;7114.0
61440.0;6417.0
61460.0;7855.0
61470.0;8024.0
61490.0;7742.0
61520.0;7996.0
61530.0;8632.0
61580.0;6112.0
61600.0;7455.0
61630.0;6356.0
61690.0;8066.0
61720.0;7402.0
61730.0;7880.0
61740.0;7845.0
61750.0;7937.0
61760.0;7412.0
61770.0;7816.0
61780.0;7067.0
61800.0;7971.0
61830.0;6130.0
61840.0;7152.0
61850.0;6994.0
61870.0;7519.0
61890.0;6564.0
61920.0;6908.0
61940.0;8410.0
61960.0;7299.0
61980.0;7207.0
62010.0;8370.0
62090.0;6572.0
62100.0;7075.0
62120.0;6769.0
62150.0;6979.0
62170.0;6355.0
62210.0;8528.0
62240.0;6996.0
62270.0;8426.0
62310.0;6972.0
62330.0;6682.0
62350.0;7544.0
62370.0;6751.0
62380.0;7052.0
62390.0;6950.0
62400.0;6997.0
62410.0;6946.0
62420.0;6150.0
62440.0;7985.0
62450.0;8154.0
62490.0;7493.0
62510.0;7538.0
62530.0;8563.0
62570.0;6189.0
62610.0;7433.0
62640.0;6372.0
62720.0;8513.0
62760.0;7216.0
62780.0;7764.0
62810.0;7903.0
62820.0;6354.0
62850.0;7612.0
62860.0;7444.0
62870.0;7460.0
62880.0;7447.0
62910.0;6387.0
62940.0;8592.0
62960.0;7549.0
63000.0;8217.0
63010.0;10550.0
63020.0;7830.0
63050.0;8342.0
63090.0;6258.0
63120.0;7297.0
63160.0;6015.0
63190.0;8522.0
63240.0;7300.0
63280.0;8175.0
63300.0;7073.0
63310.0;7768.0
63350.0;6367.0
63390.0;7510.0
63400.0;6865.0
63410.0;7027.0
63440.0;6501.0
63450.0;8269.0
63500.0;7418.0
63540.0;8457.0
63570.0;6547.0
63580.0;6903.0
63600.0;6940.0
63610.0;6685.0
63620.0;6847.0
63630.0;6720.0
63640.0;6773.0
63650.0;7008.0
63680.0;6429.0
63690.0;8205.0
63700.0;7800.0
63710.0;8477.0
63720.0;8578.0
63730.0;8444.0
63750.0;7391.0
63800.0;8409.0
63830.0;6239.0
63870.0;7307.0
63880.0;6910.0
63900.0;7175.0
63910.0;6840.0
63920.0;6973.0
63930.0;6931.0
63960.0;8042.0
63970.0;7619.0
63980.0;8069.0
64000.0;7976.0
64020.0;7286.0
64050.0;8466.0
64080.0;6330.0
64090.0;6175.0
64120.0;6725.0
64130.0;7449.0
64150.0;6026.0
64200.0;8460.0
64220.0;7801.0
64240.0;8436.0
64280.0;7246.0
64300.0;8105.0
64320.0;6732.0
64340.0;6773.0
64350.0;6450.0
64390.0;7502.0
64440.0;6374.0
64470.0;8422.0
64480.0;7042.0
64490.0;7244.0
64500.0;7037.0
64510.0;8052.0
64540.0;7889.0
64550.0;8008.0
64580.0;6885.0
64600.0;6859.0
64620.0;6367.0
64640.0;7309.0
64690.0;6235.0
64720.0;8475.0
64750.0;7092.0
64790.0;8074.0
64820.0;6274.0
64840.0;6952.0
64870.0;6319.0
64910.0;7483.0
64930.0;6809.0
64940.0;9400.0
64950.0;7201.0
64980.0;8244.0
65010.0;7443.0
65060.0;8632.0
65090.0;6139.0
65120.0;6958.0
65150.0;6812.0
65160.0;6095.0
65170.0;7061.0
65190.0;6272.0
65200.0;7743.0
65250.0;8792.0
65270.0;7309.0
65310.0;8275.0
65320.0;7259.0
65360.0;6451.0
65390.0;7565.0
65410.0;6806.0
65420.0;7059.0
65430.0;6969.0
65440.0;8003.0
65480.0;7088.0
65490.0;7908.0
65510.0;8023.0
65520.0;7974.0
65550.0;7431.0
65560.0;8130.0
65610.0;6237.0
65660.0;7443.0
65680.0;6296.0
65700.0;7877.0
65710.0;8030.0
65720.0;7889.0
65730.0;8081.0
65750.0;7577.0
65760.0;8444.0
65820.0;6614.0
65830.0;7039.0
65890.0;6359.0
65900.0;7408.0
65910.0;7462.0
65920.0;7333.0
65930.0;7408.0
65940.0;7261.0
65990.0;8264.0
66010.0;7266.0
66030.0;7840.0
66040.0;7894.0
66060.0;7757.0
66070.0;6887.0
66100.0;7605.0
66130.0;6188.0
66170.0;7336.0
66180.0;6843.0
66210.0;7466.0
66220.0;7288.0
66240.0;8448.0
66290.0;7284.0
66310.0;7887.0
66320.0;6881.0
66350.0;6435.0
66360.0;7001.0
66370.0;7085.0
66390.0;6810.0
66400.0;6157.0
66450.0;8073.0
66470.0;7034.0
66490.0;7556.0
66500.0;6829.0
66510.0;8369.0
66530.0;7057.0
66560.0;8068.0
66570.0;6956.0
66580.0;7454.0
66600.0;6776.0
66610.0;7055.0
66620.0;6653.0
66630.0;7062.0
66660.0;6426.0
66680.0;6828.0
66690.0;6225.0
66700.0;7979.0
66710.0;7724.0
66720.0;7923.0
66730.0;7245.0
66780.0;8583.0
66820.0;6756.0
66850.0;7353.0
66860.0;6296.0
66910.0;6786.0
66920.0;7505.0
66930.0;7063.0
66940.0;9907.0
66950.0;8076.0
66970.0;7765.0
66980.0;7958.0
67010.0;7068.0
67020.0;8202.0
67030.0;7840.0
67050.0;7929.0
67080.0;6507.0
67110.0;7497.0
67140.0;6427.0
67160.0;6998.0
67170.0;7057.0
67190.0;6791.0
67200.0;7720.0
67210.0;7755.0
67220.0;7664.0
67240.0;8010.0
67260.0;7803.0
67280.0;7904.0
67290.0;8512.0
67340.0;6283.0
67360.0;7405.0
67400.0;6080.0
67450.0;8415.0
67480.0;7572.0
67510.0;8030.0
67520.0;7182.0
67530.0;8066.0
67540.0;7442.0
67570.0;7962.0
67590.0;6410.0
67620.0;7531.0
67630.0;7617.0
67640.0;7562.0
67660.0;6197.0
67700.0;8416.0
67720.0;7175.0
67770.0;8301.0
67790.0;7916.0
67810.0;7989.0
67860.0;6220.0
67870.0;7098.0
67890.0;6853.0
67910.0;7017.0
67920.0;6413.0
67930.0;6708.0
67940.0;6571.0
67970.0;8547.0
67990.0;7353.0
68020.0;8064.0
68030.0;7896.0
68040.0;8591.0
68070.0;6386.0
68110.0;7528.0
68120.0;6938.0
68160.0;7371.0
68180.0;6767.0
68190.0;9418.0
68200.0;7258.0
68240.0;8014.0
68260.0;6944.0
68280.0;8524.0
68290.0;8320.0
68310.0;8501.0
68330.0;6268.0
68370.0;7528.0
68390.0;6409.0
68430.0;7121.0
68440.0;6829.0
68480.0;8536.0
68530.0;7198.0
68550.0;8539.0
68590.0;6285.0
68630.0;7486.0
68660.0;6530.0
68680.0;6875.0
68690.0;5974.0
68700.0;7792.0
68710.0;7647.0
68720.0;7841.0
68730.0;7197.0
68770.0;8005.0
68780.0;7108.0
68810.0;8044.0
68850.0;6044.0
68880.0;7474.0
68900.0;6713.0
68910.0;6775.0
68930.0;6493.0
68970.0;8556.0
69000.0;7291.0
69020.0;7906.0
69030.0;7964.0
69040.0;7908.0
69050.0;7656.0
69060.0;7878.0
69070.0;6299.0
69080.0;7127.0
69110.0;6427.0
69160.0;7558.0
69190.0;5520.0
69220.0;8359.0
69260.0;7256.0
69300.0;8534.0
69320.0;6657.0
69330.0;7112.0
69340.0;6794.0
69350.0;6761.0
69370.0;6920.0
69380.0;5598.0
69390.0;6992.0
69420.0;6782.0
69430.0;6933.0
69440.0;6829.0
69480.0;8668.0
69520.0;7112.0
69560.0;8259.0
69580.0;6123.0
69610.0;6884.0
69640.0;7030.0
69650.0;6904.0
69660.0;7210.0
69690.0;6633.0
69700.0;7972.0
69720.0;7310.0
69740.0;8374.0
69770.0;7350.0
69790.0;7397.0
69810.0;8530.0
69850.0;6321.0
69900.0;7484.0
69920.0;6243.0
69950.0;7987.0
69970.0;7439.0
69990.0;8006.0
70000.0;7510.0
70010.0;8497.0
70040.0;7415.0
70050.0;7499.0
70060.0;7294.0
70080.0;7355.0
70110.0;6545.0
70150.0;7666.0
70170.0;7002.0
70210.0;7997.0
70220.0;7764.0
70250.0;7957.0
70260.0;7143.0
70270.0;7959.0
70280.0;7769.0
70300.0;7931.0
70320.0;7036.0
70350.0;7637.0
70370.0;6294.0
70410.0;7511.0
70430.0;6935.0
70480.0;8498.0
70530.0;7580.0
70540.0;8004.0
70560.0;7899.0
70570.0;6648.0
70580.0;6980.0
70590.0;6865.0
70620.0;6981.0
70630.0;7400.0
70640.0;6340.0
70680.0;7483.0
70690.0;9184.0
70700.0;7090.0
70750.0;8411.0
70770.0;7552.0
70780.0;7532.0
70790.0;7566.0
70800.0;7926.0
70810.0;7786.0
70820.0;6880.0
70830.0;7446.0
70850.0;6905.0
70860.0;7310.0
70870.0;6896.0
70880.0;7201.0
70890.0;7110.0
70900.0;5977.0
70940.0;8095.0
70980.0;7292.0
70990.0;7529.0
71000.0;10100.0
71010.0;8462.0
71020.0;8669.0
71030.0;8392.0
71040.0;7477.0
71050.0;7355.0
71060.0;7630.0
71070.0;6776.0
71090.0;7488.0
71110.0;6171.0
71130.0;6806.0
71140.0;6848.0
71150.0;6767.0
71170.0;6947.0
71180.0;6860.0
71200.0;8474.0
71250.0;6708.0
71270.0;8348.0
71320.0;6413.0
71350.0;7551.0
71380.0;6452.0
71400.0;7060.0
71410.0;6877.0
71430.0;6999.0
71440.0;6004.0
71460.0;7781.0
71470.0;7895.0
71490.0;7768.0
71500.0;7364.0
71530.0;8454.0
71570.0;6504.0
71600.0;7382.0
71630.0;6380.0
71670.0;6896.0
71690.0;8552.0
71720.0;7241.0
71750.0;8110.0
71780.0;7182.0
71810.0;7912.0
71840.0;6548.0
71880.0;8946.0
71910.0;6334.0
71940.0;8715.0
71960.0;7328.0
72020.0;8450.0
72030.0;7888.0
72040.0;7915.0
72050.0;7866.0
72060.0;7955.0
72090.0;6338.0
72110.0;6968.0
72120.0;6778.0
72140.0;7069.0
72170.0;6333.0
72200.0;8308.0
72240.0;7253.0
72280.0;8582.0
72320.0;6706.0
72350.0;7336.0
72360.0;6756.0
72380.0;6996.0
72390.0;6937.0
72400.0;6962.0
72440.0;6301.0
72460.0;7917.0
72470.0;7759.0
72480.0;7961.0
72500.0;7254.0
72510.0;9332.0
72520.0;8271.0
72550.0;9078.0
72570.0;6534.0
72600.0;6983.0
72630.0;6141.0
72660.0;7062.0
72680.0;6763.0
72690.0;8818.0
72700.0;8047.0
72720.0;8574.0
72730.0;7818.0
72770.0;7416.0
72790.0;8477.0
72830.0;6513.0
72880.0;7546.0
72910.0;6236.0
72930.0;7122.0
72940.0;6710.0
72950.0;8186.0
72970.0;7458.0
72990.0;8009.0
73030.0;7700.0
73060.0;8809.0
73090.0;6087.0
73120.0;7459.0
73160.0;6228.0
73190.0;6696.0
73210.0;8511.0
73240.0;7284.0
73270.0;7973.0
73280.0;7673.0
73290.0;7945.0
73310.0;7667.0
73360.0;6007.0
73380.0;8005.0
73420.0;6016.0
73460.0;7936.0
73490.0;6624.0
73500.0;7111.0
73520.0;6687.0
73540.0;7212.0
73550.0;6712.0
73560.0;6912.0
73610.0;6691.0
73620.0;5744.0
73630.0;7370.0
73640.0;7331.0
73680.0;7414.0
73690.0;6718.0
73720.0;7625.0
73770.0;6187.0
73800.0;7348.0
73820.0;6474.0
73840.0;7469.0
73860.0;7383.0
73890.0;7614.0
73900.0;7554.0
73910.0;7798.0
73960.0;6289.0
73980.0;7127.0
74020.0;6593.0
74070.0;8002.0
74090.0;6902.0
74110.0;7513.0
74130.0;6950.0
74140.0;7431.0
74160.0;6076.0
74180.0;7319.0
74190.0;6864.0
74220.0;6739.0
74250.0;7979.0
74260.0;7353.0
74270.0;7449.0
74290.0;7106.0
74310.0;8014.0
74330.0;6916.0
74360.0;6608.0
74390.0;7427.0
74420.0;6844.0
74460.0;7532.0
74500.0;6814.0
74510.0;7325.0
74530.0;6851.0
74540.0;7281.0
74560.0;6863.0
74580.0;7454.0
74610.0;6169.0
74650.0;7865.0
74680.0;6855.0
74720.0;8035.0
74760.0;6304.0
74800.0;6990.0
74810.0;5973.0
74840.0;7418.0
74850.0;7443.0
74860.0;7354.0
74870.0;7466.0
74880.0;6951.0
74920.0;7947.0
74960.0;6104.0
74990.0;7431.0
75010.0;6016.0
75060.0;7986.0
75100.0;7040.0
75120.0;7582.0
75140.0;6326.0
75160.0;6826.0
75180.0;6735.0
75200.0;6905.0
75210.0;6090.0
75240.0;8055.0
75250.0;7875.0
75260.0;7988.0
75270.0;6654.0
75310.0;7821.0
75360.0;6216.0
75370.0;7254.0
75390.0;6929.0
75400.0;8777.0
75420.0;6636.0
75430.0;9368.0
75450.0;7403.0
75460.0;9995.0
75470.0;6690.0
75490.0;10260.0
75510.0;7408.0
75520.0;12590.000000000002
75540.0;6323.0
75550.0;12170.000000000002
75560.0;6371.0
75580.0;14020.000000000002
75600.0;7170.0
75610.0;13160.000000000002
75620.0;6099.0
75640.0;14100.000000000002
75650.0;7311.0
75670.0;14030.000000000002
75690.0;6767.0
75700.0;13550.000000000002
75710.0;7367.0
75730.0;13700.000000000002
75740.0;6960.0
75760.0;12980.000000000002
75780.0;6731.0
75790.0;13680.000000000002
75810.0;6095.0
75820.0;12770.000000000002
75840.0;7744.0
75850.0;14050.000000000002
75860.0;7486.0
75880.0;13650.000000000002
75900.0;7539.0
75910.0;14800.000000000002
75930.0;7396.0
75940.0;13670.000000000002
75950.0;6510.0
75970.0;13840.000000000002
75980.0;6831.0
76000.0;13920.000000000002
76020.0;6376.0
76030.0;7543.0
76050.0;7359.0
76060.0;13620.000000000002
76070.0;6671.0
76090.0;13990.000000000002
76110.0;7926.0
76120.0;14230.000000000002
76130.0;6582.0
76150.0;12830.000000000002
76170.0;7414.0
76180.0;13320.000000000002
76190.0;6784.0
76210.0;12450.000000000002
76220.0;6232.0
76240.0;13440.000000000002
76250.0;7910.0
76270.0;12800.000000000002
76290.0;6818.0
76300.0;12910.000000000002
76310.0;7534.0
76330.0;10980.0
76350.0;6134.0
76360.0;9661.0
76370.0;6940.0
76390.0;9202.0
76400.0;6170.0
76450.0;9945.0
76460.0;7012.0
76480.0;8666.0
76500.0;7472.0
76510.0;9375.0
76530.0;6262.0
76540.0;7727.0
76550.0;6243.0
76570.0;8402.0
76580.0;7182.0
76600.0;7485.0
76620.0;6906.0
76630.0;7555.0
76670.0;6744.0
76680.0;7432.0
76690.0;7068.0
76710.0;7510.0
76740.0;6300.0
76760.0;7410.0
76770.0;7280.0
76780.0;7436.0
76800.0;6377.0
76830.0;7645.0
76850.0;7854.0
76880.0;6881.0
76920.0;8051.0
76930.0;6899.0
76940.0;6730.0
76950.0;6961.0
76960.0;6767.0
76970.0;6845.0
76980.0;6816.0
77000.0;6042.0
77030.0;7509.0
77070.0;6539.0
77100.0;8233.0
77130.0;6610.0
77140.0;6545.0
77160.0;6794.0
77180.0;7409.0
77190.0;6013.0
77200.0;6774.0
77210.0;6072.0
77260.0;7962.0
77280.0;7391.0
77290.0;8714.0
77300.0;7361.0
77320.0;8014.0
77340.0;6311.0
77350.0;7790.0
77370.0;6772.0
77380.0;8189.0
77400.0;6184.0
77410.0;8487.0
77420.0;6443.0
77430.0;7353.0
77440.0;11540.000000000002
77450.0;8039.0
77470.0;10270.0
77490.0;7311.0
77500.0;13450.000000000002
77520.0;7746.0
77530.0;13600.000000000002
77540.0;6493.0
77560.0;13230.000000000002
77570.0;7392.0
77590.0;12800.000000000002
77610.0;6868.0
77620.0;14110.000000000002
77630.0;7331.0
77650.0;13240.000000000002
77670.0;6895.0
77680.0;13610.000000000002
77700.0;7394.0
77710.0;14120.000000000002
77720.0;6783.0
77740.0;13000.000000000002
77760.0;7486.0
77770.0;13570.000000000002
77780.0;7376.0
77800.0;12350.000000000002
77810.0;6330.0
77830.0;13680.000000000002
77850.0;7234.0
77860.0;13650.000000000002
77870.0;6867.0
77890.0;14140.000000000002
77900.0;7229.0
77920.0;13210.000000000002
77940.0;6941.0
77950.0;13380.000000000002
77970.0;6870.0
77980.0;13640.000000000002
78000.0;6499.0
78010.0;12990.000000000002
78030.0;7333.0
78040.0;14070.000000000002
78050.0;7163.0
78070.0;13690.000000000002
78090.0;7397.0
78100.0;14580.000000000002
78110.0;8027.0
78130.0;14100.000000000002
78140.0;6857.0
78160.0;12860.000000000002
78170.0;6876.0
78190.0;12640.000000000002
78210.0;7095.0
78220.0;12740.000000000002
78240.0;6439.0
78250.0;13000.000000000002
78260.0;7105.0
78280.0;14000.000000000002
78300.0;8087.0
78310.0;13830.000000000002
78330.0;6911.0
78340.0;13080.000000000002
78350.0;6904.0
78370.0;13810.000000000002
78390.0;6175.0
78400.0;12520.000000000002
78410.0;6728.0
78430.0;12570.000000000002
78450.0;7404.0
78460.0;13530.000000000002
78480.0;7805.0
78490.0;13540.000000000002
78510.0;7353.0
78520.0;12850.000000000002
78530.0;7668.0
78550.0;12200.000000000002
78560.0;7066.0
78580.0;11130.000000000002
78590.0;6636.0
78610.0;11530.000000000002
78630.0;7292.0
78640.0;11410.000000000002
78660.0;7084.0
78670.0;9923.0
78690.0;7504.0
78700.0;10200.0
78720.0;6835.0
78730.0;8867.0
78750.0;6907.0
78760.0;8514.0
78770.0;6794.0
78790.0;8456.0
78800.0;6722.0
78820.0;8138.0
78830.0;6789.0
78850.0;7893.0
78860.0;7215.0
78880.0;8190.0
78920.0;6670.0
78970.0;7410.0
79000.0;6437.0
79040.0;7544.0
79060.0;6576.0
79080.0;7553.0
79110.0;6854.0
79140.0;7839.0
79160.0;6685.0
79170.0;6930.0
79200.0;6019.0
79210.0;7430.0
79230.0;6705.0
79250.0;7222.0
79260.0;6757.0
79270.0;7668.0
79280.0;7454.0
79300.0;8008.0
79330.0;6910.0
79340.0;7002.0
79370.0;6747.0
79380.0;7063.0
79400.0;6150.0
79410.0;6756.0
79430.0;6901.0
79440.0;6715.0
79490.0;8101.0
79510.0;6681.0
79540.0;7551.0
79590.0;6145.0
79650.0;7628.0
79670.0;7252.0
79700.0;7590.0
79710.0;6807.0
79720.0;7510.0
79730.0;6717.0
79740.0;7326.0
79780.0;6307.0
79820.0;7418.0
79840.0;6171.0
79890.0;7904.0
79910.0;6920.0
79940.0;7443.0
79950.0;7244.0
79960.0;7435.0
80000.0;6540.0
80020.0;6940.0
80050.0;6352.0
80060.0;7526.0
80080.0;7643.0
80100.0;7483.0
80120.0;6731.0
80140.0;7995.0
80170.0;6469.0
80190.0;6266.0
80230.0;7302.0
80250.0;6359.0
80300.0;8100.0
80320.0;7416.0
80330.0;7689.0
80340.0;7498.0
80350.0;7665.0
80380.0;6122.0
80400.0;7107.0
80440.0;6614.0
80460.0;6690.0
80470.0;8099.0
80500.0;7867.0
80520.0;6860.0
80560.0;7525.0
80580.0;6481.0
80600.0;6865.0
80610.0;6911.0
80620.0;6755.0
80630.0;7238.0
80650.0;6149.0
80670.0;8288.0
80710.0;6635.0
80750.0;7804.0
80770.0;6211.0
80780.0;6384.0
80790.0;6174.0
80820.0;7396.0
80850.0;6293.0
80870.0;7461.0
80890.0;7194.0
80900.0;7438.0
80910.0;7310.0
80920.0;6654.0
80950.0;7622.0
80970.0;6243.0
81000.0;7349.0
81050.0;6135.0
81060.0;7624.0
81070.0;7731.0
81090.0;7502.0
81120.0;6799.0
81140.0;8003.0
81190.0;6558.0
81210.0;7018.0
81230.0;6424.0
81240.0;6964.0
81250.0;6566.0
81270.0;7479.0
81300.0;6828.0
81340.0;7948.0
81370.0;6505.0
81410.0;7418.0
81430.0;6187.0
81440.0;6486.0
81450.0;6125.0
81490.0;8010.0
81520.0;7032.0
81550.0;7490.0
81570.0;6521.0
81620.0;6845.0
81640.0;6302.0
81670.0;8111.0
81720.0;6648.0
81750.0;7803.0
81780.0;6166.0
81820.0;7456.0
81840.0;6695.0
81870.0;7518.0
81900.0;7169.0
81920.0;7518.0
81940.0;7544.0
81950.0;7474.0
81970.0;6210.0
81990.0;7221.0
82020.0;7506.0
82030.0;5994.0
82070.0;7555.0
82080.0;7489.0
82090.0;7725.0
82110.0;6684.0
82150.0;8186.0
82170.0;6794.0
82190.0;7165.0
82200.0;6820.0
82220.0;6953.0
82230.0;6365.0
82260.0;7360.0
82270.0;7408.0
82280.0;7356.0
82300.0;6747.0
82330.0;8046.0
82340.0;8069.0
82350.0;7997.0
82380.0;6029.0
82390.0;6896.0
82400.0;6781.0
82410.0;6898.0
82420.0;7270.0
82440.0;6156.0
82470.0;7438.0
82480.0;7559.0
82490.0;7187.0
82530.0;8059.0
82570.0;6374.0
82600.0;7391.0
82620.0;6554.0
82640.0;6535.0
82680.0;8132.0
82710.0;6961.0
82720.0;7381.0
82740.0;7496.0
82750.0;7309.0
82760.0;7418.0
82780.0;6478.0
82800.0;6920.0
82830.0;6397.0
82870.0;7963.0
82910.0;6889.0
82940.0;7938.0
82970.0;6668.0
82980.0;6971.0
83000.0;6861.0
83010.0;7502.0
83030.0;6713.0
83040.0;7016.0
83050.0;6694.0
83070.0;7474.0
83090.0;6809.0
83100.0;7592.0
83120.0;7259.0
83140.0;7593.0
83170.0;6181.0
83190.0;7510.0
83230.0;6179.0
83280.0;8004.0
83300.0;6689.0
83320.0;7499.0
83330.0;7446.0
83350.0;7704.0
83370.0;6861.0
83380.0;7254.0
83410.0;6724.0
83420.0;6049.0
83450.0;7345.0
83460.0;6751.0
83470.0;7456.0
83500.0;6736.0
83530.0;7986.0
83570.0;6208.0
83610.0;7464.0
83640.0;6185.0
83670.0;7321.0
83680.0;7349.0
83690.0;7277.0
83720.0;8084.0
83750.0;6834.0
83760.0;7269.0
83770.0;6149.0
83780.0;7519.0
83840.0;6099.0
83870.0;7800.0
83900.0;7041.0
83920.0;7530.0
83930.0;7311.0
83940.0;7403.0
83950.0;7367.0
83970.0;6213.0
83980.0;6911.0
83990.0;6861.0
84000.0;6923.0
84020.0;6423.0
84050.0;7447.0
84060.0;7331.0
84070.0;7436.0
84090.0;6887.0
84100.0;7142.0
84110.0;6976.0
84120.0;7891.0
84170.0;6578.0
84200.0;7358.0
84240.0;6584.0
84270.0;7565.0
84280.0;6742.0
84290.0;7481.0
84300.0;6842.0
84310.0;7501.0
84320.0;7456.0
84330.0;7546.0
84370.0;6734.0
84380.0;7485.0
84390.0;7519.0
84400.0;7500.0
84420.0;6227.0
84460.0;7386.0
84480.0;6702.0
84540.0;7691.0
84580.0;6765.0
84600.0;6756.0
84610.0;6092.0
84630.0;6986.0
84660.0;6639.0
84670.0;7474.0
84680.0;6884.0
84720.0;7993.0
84770.0;6658.0
84780.0;6906.0
84790.0;6639.0
84800.0;7336.0
84830.0;6357.0
84840.0;6951.0
84860.0;6707.0
84870.0;7950.0
84880.0;7478.0
84900.0;7571.0
84910.0;7377.0
84920.0;7556.0
84930.0;7481.0
84940.0;6811.0
84950.0;7212.0
84990.0;6758.0
85000.0;6929.0
85010.0;6210.0
85070.0;7865.0
85090.0;6718.0
85130.0;7999.0
85170.0;6712.0
85200.0;7041.0
85230.0;6766.0
85240.0;7564.0
85250.0;6943.0
85280.0;7247.0
85290.0;6888.0
85310.0;7755.0
85370.0;6815.0
85400.0;7504.0
85420.0;6314.0
85430.0;6873.0
85450.0;6742.0
85460.0;6801.0
85470.0;6593.0
85510.0;7497.0
85540.0;7363.0
85560.0;7482.0
85570.0;8534.0
85610.0;6181.0
85640.0;7357.0
85660.0;6794.0
85670.0;7241.0
85690.0;6878.0
85730.0;8088.0
85760.0;7040.0
85780.0;6866.0
85790.0;6941.0
85800.0;6544.0
85810.0;6956.0
85820.0;6164.0
85840.0;6944.0
85850.0;6766.0
85860.0;6988.0
85870.0;6879.0
85900.0;8013.0
85950.0;6578.0
85960.0;7427.0
85970.0;6928.0
85980.0;7428.0
86000.0;6187.0
86050.0;7453.0
86070.0;7332.0
86080.0;7590.0
86090.0;7078.0
86100.0;7542.0
86110.0;7527.0
86120.0;7558.0
86130.0;7747.0
86140.0;7054.0
86150.0;7439.0
86210.0;6378.0
86250.0;7546.0
86270.0;5817.0
86320.0;7992.0
86330.0;6998.0
86370.0;7664.0
86380.0;6761.0
86390.0;7454.0
86410.0;6895.0
86440.0;7075.0
86470.0;6884.0
86500.0;7698.0
86530.0;7047.0
86540.0;7221.0
86550.0;7169.0
86570.0;8188.0
86600.0;6191.0
86650.0;7343.0
86680.0;6779.0
86720.0;7819.0
86730.0;7540.0
86740.0;7558.0
86750.0;7524.0
86760.0;8107.0
86800.0;6113.0
86830.0;7310.0
86840.0;6811.0
