10.0;6712.0
20.0;7018.0
30.0;6990.0
40.0;6853.0
50.0;6265.0
60.0;7042.0
70.0;6866.0
80.0;6851.0
90.0;6887.0
100.0;6851.0
110.0;6572.0
120.0;6432.0
130.0;6561.0
140.0;6863.0
150.0;7370.0
160.0;7304.0
170.0;7711.0
180.0;6627.0
190.0;6490.0
200.0;6423.0
210.0;6807.0
220.0;6933.0
230.0;7469.0
240.0;7287.0
250.0;6245.0
260.0;6412.0
270.0;6519.0
280.0;6932.0
290.0;7028.0
300.0;6888.0
310.0;7353.0
320.0;6842.0
330.0;6911.0
340.0;7135.0
350.0;6959.0
360.0;7015.0
370.0;7000.0
380.0;6204.0
390.0;6544.0
400.0;6908.0
410.0;7231.0
420.0;7018.0
430.0;6987.0
440.0;6797.0
450.0;6556.0
460.0;6490.0
470.0;6497.0
480.0;7444.0
490.0;7545.0
500.0;7420.0
510.0;7401.0
520.0;6522.0
530.0;6403.0
540.0;6631.0
550.0;6874.0
560.0;6889.0
570.0;7434.0
580.0;6717.0
590.0;6291.0
600.0;6351.0
610.0;7055.0
620.0;14120.000000000002
630.0;6930.0
640.0;6916.0
650.0;6976.0
660.0;7031.0
670.0;6613.0
680.0;8185.0
690.0;7498.0
700.0;7513.0
710.0;7307.0
720.0;7143.0
730.0;7068.0
740.0;7820.0
750.0;7411.0
760.0;7632.0
770.0;7625.0
780.0;7057.0
790.0;7085.0
800.0;7099.0
810.0;7510.0
820.0;7930.0
830.0;8135.0
840.0;8089.0
850.0;7640.0
860.0;7016.0
870.0;7504.0
880.0;7602.0
890.0;7603.0
900.0;7537.0
910.0;7574.0
920.0;7145.0
930.0;7035.0
940.0;7339.0
950.0;7432.0
960.0;7391.0
970.0;7590.0
980.0;7224.0
990.0;7500.0
1000.0;7498.0
1010.0;8161.0
1020.0;8135.0
1030.0;7570.0
1040.0;7362.0
1050.0;7013.0
1060.0;6831.0
1070.0;7703.0
1080.0;8015.0
1090.0;7413.0
1100.0;7634.0
1110.0;7023.0
1120.0;6854.0
1130.0;7033.0
1140.0;7396.0
1150.0;7481.0
1160.0;8079.0
1170.0;8085.0
1180.0;7721.0
1190.0;7690.0
1200.0;7235.0
1210.0;7626.0
1220.0;7422.0
1230.0;7444.0
1240.0;7236.0
1250.0;7596.0
1260.0;7238.0
1270.0;7262.0
1280.0;7586.0
1290.0;7607.0
1300.0;7548.0
1310.0;7033.0
1320.0;7073.0
1330.0;7552.0
1340.0;8184.0
1350.0;8183.0
1360.0;8099.0
1370.0;7448.0
1380.0;7125.0
1390.0;7026.0
1400.0;7226.0
1410.0;7564.0
1420.0;8190.0
1430.0;7320.0
1440.0;6441.0
1450.0;6602.0
1460.0;6556.0
1470.0;6769.0
1480.0;7077.0
1490.0;7055.0
1500.0;7495.0
1510.0;7085.0
1520.0;6950.0
1530.0;6980.0
1540.0;6965.0
1550.0;7005.0
1560.0;6914.0
1570.0;6869.0
1580.0;6562.0
1590.0;6902.0
1600.0;6607.0
1610.0;7045.0
1620.0;7003.0
1630.0;6919.0
1640.0;6408.0
1650.0;6485.0
1660.0;6599.0
1670.0;7071.0
1680.0;7471.0
1690.0;7628.0
1700.0;7627.0
1710.0;6201.0
1720.0;6552.0
1730.0;6375.0
1740.0;6928.0
1750.0;6877.0
1760.0;7390.0
1770.0;6941.0
1780.0;6645.0
1790.0;6629.0
1800.0;6599.0
1810.0;6859.0
1820.0;6931.0
1830.0;7049.0
1840.0;6890.0
1850.0;7164.0
1860.0;7101.0
1870.0;7524.0
1880.0;7050.0
1890.0;7007.0
1900.0;7001.0
1910.0;6554.0
1920.0;6238.0
1930.0;7007.0
1940.0;6949.0
1950.0;7011.0
1960.0;7039.0
1970.0;6581.0
1980.0;6568.0
1990.0;6516.0
2000.0;6773.0
2010.0;7340.0
2020.0;7547.0
2030.0;7479.0
2040.0;6883.0
2050.0;6458.0
2060.0;6249.0
2070.0;6841.0
2080.0;7112.0
2090.0;6821.0
2100.0;7054.0
2110.0;6556.0
2120.0;6480.0
2130.0;6633.0
2140.0;6913.0
2150.0;6763.0
2160.0;6874.0
2170.0;6915.0
2180.0;7518.0
2190.0;7558.0
2200.0;7677.0
2210.0;8020.0
2220.0;7526.0
2230.0;7440.0
2240.0;7092.0
2250.0;6838.0
2260.0;6856.0
2270.0;8080.0
2280.0;7394.0
2290.0;7507.0
2300.0;7155.0
2310.0;7218.0
2320.0;7022.0
2330.0;7225.0
2340.0;7812.0
2350.0;8090.0
2360.0;7262.0
2370.0;7597.0
2380.0;7416.0
2390.0;7083.0
2400.0;7610.0
2410.0;7611.0
2420.0;7609.0
2430.0;7584.0
2440.0;7566.0
2450.0;7174.0
2460.0;6868.0
2470.0;7422.0
2480.0;7560.0
2490.0;7544.0
2500.0;7022.0
2510.0;7524.0
2520.0;7395.0
2530.0;7965.0
2540.0;8003.0
2550.0;8049.0
2560.0;7700.0
2570.0;7176.0
2580.0;6841.0
2590.0;7006.0
2600.0;7534.0
2610.0;7573.0
2620.0;7599.0
2630.0;7673.0
2640.0;7095.0
2650.0;6968.0
2660.0;7192.0
2670.0;6932.0
2680.0;8197.0
2690.0;8096.0
2700.0;7437.0
2710.0;7683.0
2720.0;7616.0
2730.0;7486.0
2740.0;7557.0
2750.0;7653.0
2760.0;7601.0
2770.0;6886.0
2780.0;7559.0
2790.0;7130.0
2800.0;7496.0
2810.0;7516.0
2820.0;7442.0
2830.0;7139.0
2840.0;7135.0
2850.0;7516.0
2860.0;7778.0
2870.0;8108.0
2880.0;8144.0
2890.0;7994.0
2900.0;6885.0
2910.0;7135.0
2920.0;6404.0
2930.0;6838.0
2940.0;6857.0
2950.0;7435.0
2960.0;6801.0
2970.0;6560.0
2980.0;6503.0
2990.0;7154.0
3000.0;6970.0
3010.0;7005.0
3020.0;7527.0
3030.0;6997.0
3040.0;6984.0
3050.0;6993.0
3060.0;6885.0
3070.0;6930.0
3080.0;6828.0
3090.0;6881.0
3100.0;6356.0
3110.0;6237.0
3120.0;7015.0
3130.0;6986.0
3140.0;7022.0
3150.0;6977.0
3160.0;7470.0
3170.0;6458.0
3180.0;6590.0
3190.0;7329.0
3200.0;7580.0
3210.0;7352.0
3220.0;7546.0
3230.0;6491.0
3240.0;6381.0
3250.0;6336.0
3260.0;7038.0
3270.0;6997.0
3280.0;6989.0
3290.0;7519.0
3300.0;6432.0
3310.0;6491.0
3320.0;6300.0
3330.0;7082.0
3340.0;7012.0
3350.0;7017.0
3360.0;6870.0
3370.0;7030.0
3380.0;6967.0
3390.0;7331.0
3400.0;6948.0
3410.0;6939.0
3420.0;7561.0
3430.0;6458.0
3440.0;6239.0
3450.0;6526.0
3460.0;7264.0
3470.0;7044.0
3480.0;7046.0
3490.0;6936.0
3500.0;6608.0
3510.0;6417.0
3520.0;7116.0
3530.0;7553.0
3540.0;7540.0
3550.0;7304.0
3560.0;7107.0
3570.0;6481.0
3580.0;6531.0
3590.0;6503.0
3600.0;7002.0
3610.0;6973.0
3620.0;7625.0
3630.0;6967.0
3640.0;6501.0
3650.0;6326.0
3660.0;6961.0
3670.0;6827.0
3680.0;7055.0
3690.0;7259.0
3700.0;7731.0
3710.0;7658.0
3720.0;7803.0
3730.0;8199.0
3740.0;7506.0
3750.0;7447.0
3760.0;6933.0
3770.0;7369.0
3780.0;7209.0
3790.0;7992.0
3800.0;7941.0
3810.0;7550.0
3820.0;7651.0
3830.0;6979.0
3840.0;7120.0
3850.0;6819.0
3860.0;7707.0
3870.0;8009.0
3880.0;8132.0
3890.0;7759.0
3900.0;7695.0
3910.0;7138.0
3920.0;7375.0
3930.0;7588.0
3940.0;7607.0
3950.0;7604.0
3960.0;7490.0
3970.0;7617.0
3980.0;6900.0
3990.0;7503.0
4000.0;7418.0
4010.0;7547.0
4020.0;7623.0
4030.0;6987.0
4040.0;7527.0
4050.0;8304.0
4060.0;7914.0
4070.0;8134.0
4080.0;7417.0
4090.0;7052.0
4100.0;7066.0
4110.0;7011.0
4120.0;7352.0
4130.0;8218.0
4140.0;8074.0
4150.0;7364.0
4160.0;6984.0
4170.0;7012.0
4180.0;7090.0
4190.0;7517.0
4200.0;9118.0
4210.0;8183.0
4220.0;7851.0
4230.0;7368.0
4240.0;7898.0
4250.0;7216.0
4260.0;7606.0
4270.0;7578.0
4280.0;7430.0
4290.0;6857.0
4300.0;7486.0
4310.0;7408.0
4320.0;7604.0
4330.0;7630.0
4340.0;7434.0
4350.0;7554.0
4360.0;7028.0
4370.0;6997.0
4380.0;7443.0
4390.0;8041.0
4400.0;7912.0
4410.0;8158.0
4420.0;7444.0
4430.0;6356.0
4440.0;6337.0
4450.0;6758.0
4460.0;7027.0
4470.0;7322.0
4480.0;7464.0
4490.0;6181.0
4500.0;6468.0
4510.0;6472.0
4520.0;6961.0
4530.0;6852.0
4540.0;6965.0
4550.0;7537.0
4560.0;7043.0
4570.0;6865.0
4580.0;6879.0
4590.0;7002.0
4600.0;6982.0
4610.0;7027.0
4620.0;6549.0
4630.0;6456.0
4640.0;6849.0
4650.0;7243.0
4660.0;6973.0
4670.0;6943.0
4680.0;7018.0
4690.0;6400.0
4700.0;6402.0
4710.0;6610.0
4720.0;7338.0
4730.0;7519.0
4740.0;7409.0
4750.0;7249.0
4760.0;6420.0
4770.0;6519.0
4780.0;6789.0
4790.0;6905.0
4800.0;6890.0
4810.0;13930.000000000002
4820.0;6942.0
4830.0;6387.0
4840.0;6232.0
4850.0;6976.0
4860.0;7447.0
4870.0;6987.0
4880.0;7026.0
4890.0;6852.0
4900.0;6920.0
4910.0;6917.0
4920.0;7581.0
4930.0;7008.0
4940.0;6996.0
4950.0;6475.0
4960.0;6596.0
4970.0;6363.0
4980.0;6799.0
4990.0;7409.0
5000.0;6932.0
5010.0;6887.0
5020.0;6323.0
5030.0;6428.0
5040.0;6521.0
5050.0;6925.0
5060.0;7427.0
5070.0;7552.0
5080.0;7509.0
5090.0;7075.0
5100.0;6379.0
5110.0;6509.0
5120.0;7014.0
5130.0;6994.0
5140.0;6941.0
5150.0;7246.0
5160.0;7129.0
5170.0;6313.0
5180.0;7173.0
5190.0;7620.0
5200.0;7470.0
5210.0;7600.0
5220.0;7056.0
5230.0;7563.0
5240.0;7633.0
5250.0;8072.0
5260.0;8096.0
5270.0;7626.0
5280.0;7390.0
5290.0;7057.0
5300.0;7103.0
5310.0;7315.0
5320.0;8228.0
5330.0;7569.0
5340.0;7557.0
5350.0;7029.0
5360.0;6965.0
5370.0;6864.0
5380.0;7326.0
5390.0;7608.0
5400.0;8143.0
5410.0;7990.0
5420.0;7437.0
5430.0;7598.0
5440.0;7194.0
5450.0;7522.0
5460.0;7564.0
5470.0;7614.0
5480.0;7086.0
5490.0;7591.0
5500.0;7063.0
5510.0;7382.0
5520.0;7611.0
5530.0;7449.0
5540.0;7632.0
5550.0;13160.000000000002
5560.0;7111.0
5570.0;7480.0
5580.0;8076.0
5590.0;8074.0
5600.0;8340.0
5610.0;7623.0
5620.0;7146.0
5630.0;6980.0
5640.0;7761.0
5650.0;7630.0
5660.0;13880.000000000002
5670.0;8210.0
5680.0;7057.0
5690.0;6803.0
5700.0;6957.0
5710.0;7313.0
5720.0;7719.0
5730.0;7594.0
5740.0;8059.0
5750.0;7684.0
5760.0;7591.0
5770.0;7753.0
5780.0;7601.0
5790.0;7549.0
5800.0;7630.0
5810.0;7251.0
5820.0;6793.0
5830.0;7544.0
5840.0;7233.0
5850.0;7528.0
5860.0;7561.0
5870.0;7614.0
5880.0;7005.0
5890.0;7023.0
5900.0;6998.0
5910.0;7958.0
5920.0;8019.0
5930.0;7508.0
5940.0;7638.0
5950.0;6494.0
5960.0;6514.0
5970.0;6471.0
5980.0;6992.0
5990.0;7006.0
6000.0;7348.0
6010.0;7093.0
6020.0;6568.0
6030.0;6491.0
6040.0;6804.0
6050.0;7491.0
6060.0;6881.0
6070.0;7039.0
6080.0;7002.0
6090.0;7019.0
6100.0;7050.0
6110.0;7835.0
6120.0;7010.0
6130.0;7001.0
6140.0;7044.0
6150.0;6497.0
6160.0;6353.0
6170.0;7056.0
6180.0;7243.0
6190.0;7033.0
6200.0;6951.0
6210.0;6225.0
6220.0;6367.0
6230.0;7134.0
6240.0;7184.0
6250.0;7471.0
6260.0;7571.0
6270.0;7329.0
6280.0;7120.0
6290.0;6471.0
6300.0;6446.0
6310.0;7035.0
6320.0;6895.0
6330.0;6873.0
6340.0;7215.0
6350.0;7061.0
6360.0;6517.0
6370.0;6785.0
6380.0;6981.0
6390.0;11200.000000000002
6400.0;7045.0
6410.0;6406.0
6420.0;7026.0
6430.0;7102.0
6440.0;7332.0
6450.0;7641.0
6460.0;7125.0
6470.0;6954.0
6480.0;6403.0
6490.0;6607.0
6500.0;6407.0
6510.0;7540.0
6520.0;7459.0
6530.0;6978.0
6540.0;6593.0
6550.0;6426.0
6560.0;6438.0
6570.0;6680.0
6580.0;6979.0
6590.0;7364.0
6600.0;7566.0
6610.0;6957.0
6620.0;7247.0
6630.0;6364.0
6640.0;6923.0
6650.0;6987.0
6660.0;6917.0
6670.0;6784.0
6680.0;7646.0
6690.0;7536.0
6700.0;7148.0
6710.0;7457.0
6720.0;7574.0
6730.0;7592.0
6740.0;7398.0
6750.0;6997.0
6760.0;7632.0
6770.0;7891.0
6780.0;7936.0
6790.0;8195.0
6800.0;6672.0
6810.0;6902.0
6820.0;7076.0
6830.0;7042.0
6840.0;7511.0
6850.0;8097.0
6860.0;8035.0
6870.0;7546.0
6880.0;6946.0
6890.0;7195.0
6900.0;7839.0
6910.0;7506.0
6920.0;7538.0
6930.0;8072.0
6940.0;7492.0
6950.0;7585.0
6960.0;7815.0
6970.0;7354.0
6980.0;7575.0
6990.0;7560.0
7000.0;7662.0
7010.0;7134.0
7020.0;7499.0
7030.0;7529.0
7040.0;7552.0
7050.0;9153.0
7060.0;7545.0
7070.0;7213.0
7080.0;7136.0
7090.0;7108.0
7100.0;7892.0
7110.0;8035.0
7120.0;8220.0
7130.0;7947.0
7140.0;6930.0
7150.0;6960.0
7160.0;7041.0
7170.0;7250.0
7180.0;7447.0
7190.0;8128.0
7200.0;8055.0
7210.0;7068.0
7220.0;6965.0
7230.0;8016.0
7240.0;7336.0
7250.0;7603.0
7260.0;7657.0
7270.0;7581.0
7280.0;7586.0
7290.0;7720.0
7300.0;8452.0
7310.0;7569.0
7320.0;7678.0
7330.0;7383.0
7340.0;7067.0
7350.0;7114.0
7360.0;7649.0
7370.0;7559.0
7380.0;7656.0
7390.0;7459.0
7400.0;7434.0
7410.0;6924.0
7420.0;7018.0
7430.0;7163.0
7440.0;7275.0
7450.0;7538.0
7460.0;7522.0
7470.0;6901.0
7480.0;6316.0
7490.0;6417.0
7500.0;6692.0
7510.0;7022.0
7520.0;6954.0
7530.0;7424.0
7540.0;13340.000000000002
7550.0;6327.0
7560.0;6562.0
7570.0;7149.0
7580.0;6945.0
7590.0;6858.0
7600.0;6770.0
7610.0;8551.0
7620.0;7032.0
7630.0;7280.0
7640.0;13420.000000000002
7650.0;6849.0
7660.0;7031.0
7670.0;6451.0
7680.0;6358.0
7690.0;6183.0
7700.0;7412.0
7710.0;6984.0
7720.0;6820.0
7730.0;6808.0
7740.0;6354.0
7750.0;6541.0
7760.0;6567.0
7770.0;7334.0
7780.0;7474.0
7790.0;7506.0
7800.0;6491.0
7810.0;6899.0
7820.0;6392.0
7830.0;6736.0
7840.0;6829.0
7850.0;7036.0
7860.0;6257.0
7870.0;7097.0
7880.0;6318.0
7890.0;6566.0
7900.0;6921.0
7910.0;6888.0
7920.0;7003.0
7930.0;7008.0
7940.0;6931.0
7950.0;6980.0
7960.0;6916.0
7970.0;7599.0
7980.0;7213.0
7990.0;6883.0
8000.0;6492.0
8010.0;6497.0
8020.0;6436.0
8030.0;6799.0
8040.0;7552.0
8050.0;6972.0
8060.0;6965.0
8070.0;6444.0
8080.0;6207.0
8090.0;6431.0
8100.0;6898.0
8110.0;6680.0
8120.0;7503.0
8130.0;7492.0
8140.0;7021.0
8150.0;6561.0
8160.0;6657.0
8170.0;6908.0
8180.0;7582.0
8190.0;7471.0
8200.0;7106.0
8210.0;7424.0
8220.0;7126.0
8230.0;7275.0
8240.0;7661.0
8250.0;7551.0
8260.0;8032.0
8270.0;6966.0
8280.0;7509.0
8290.0;7603.0
8300.0;7924.0
8310.0;8023.0
8320.0;7561.0
8330.0;7329.0
8340.0;6940.0
8350.0;6931.0
8360.0;7979.0
8370.0;8164.0
8380.0;8066.0
8390.0;7569.0
8400.0;7117.0
8410.0;6813.0
8420.0;7131.0
8430.0;7553.0
8440.0;7427.0
8450.0;8158.0
8460.0;8161.0
8470.0;7310.0
8480.0;7576.0
8490.0;7101.0
8500.0;7475.0
8510.0;7617.0
8520.0;7589.0
8530.0;7314.0
8540.0;7383.0
8550.0;7293.0
8560.0;7352.0
8570.0;7557.0
8580.0;7543.0
8590.0;7625.0
8600.0;7035.0
8610.0;7758.0
8620.0;7592.0
8630.0;8223.0
8640.0;7964.0
8650.0;8091.0
8660.0;7409.0
8670.0;7204.0
8680.0;7050.0
8690.0;7148.0
8700.0;7573.0
8710.0;7614.0
8720.0;7957.0
8730.0;7094.0
8740.0;7084.0
8750.0;7090.0
8760.0;7281.0
8770.0;7653.0
8780.0;7565.0
8790.0;11690.000000000002
8800.0;7697.0
8810.0;7639.0
8820.0;7642.0
8830.0;7616.0
8840.0;7677.0
8850.0;8075.0
8860.0;7366.0
8870.0;6991.0
8880.0;7698.0
8890.0;7663.0
8900.0;7584.0
8910.0;7617.0
8920.0;7099.0
8930.0;6484.0
8940.0;6401.0
8950.0;6222.0
8960.0;7610.0
8970.0;7598.0
8980.0;7472.0
8990.0;7656.0
9000.0;6181.0
9010.0;6460.0
9020.0;6866.0
9030.0;7049.0
9040.0;6936.0
9050.0;7408.0
9060.0;7241.0
9070.0;6238.0
9080.0;6476.0
9090.0;6699.0
9100.0;6987.0
9110.0;6818.0
9120.0;6933.0
9130.0;7120.0
9140.0;6924.0
9150.0;6779.0
9160.0;7433.0
9170.0;6977.0
9180.0;7061.0
9190.0;6951.0
9200.0;6341.0
9210.0;6228.0
9220.0;7121.0
9230.0;7547.0
9240.0;6857.0
9250.0;7018.0
9260.0;6433.0
9270.0;6439.0
9280.0;6431.0
9290.0;6779.0
9300.0;7427.0
9310.0;7406.0
9320.0;7443.0
9330.0;7093.0
9340.0;6488.0
9350.0;6464.0
9360.0;6944.0
9370.0;7007.0
9380.0;6913.0
9390.0;7289.0
9400.0;6541.0
9410.0;6582.0
9420.0;6986.0
9430.0;6926.0
9440.0;6972.0
9450.0;6965.0
9460.0;6412.0
9470.0;7028.0
9480.0;7101.0
9490.0;7499.0
9500.0;7694.0
9510.0;6992.0
9520.0;6920.0
9530.0;6494.0
9540.0;6530.0
9550.0;6549.0
9560.0;7375.0
9570.0;7325.0
9580.0;6854.0
9590.0;6563.0
9600.0;6653.0
9610.0;7162.0
9620.0;6728.0
9630.0;7026.0
9640.0;7575.0
9650.0;7590.0
9660.0;6970.0
9670.0;7159.0
9680.0;7067.0
9690.0;7608.0
9700.0;7718.0
9710.0;7574.0
9720.0;7181.0
9730.0;7732.0
9740.0;7543.0
9750.0;7372.0
9760.0;7529.0
9770.0;7658.0
9780.0;7713.0
9790.0;7068.0
9800.0;7083.0
9810.0;7618.0
9820.0;8210.0
9830.0;8103.0
9840.0;8293.0
9850.0;7375.0
9860.0;7025.0
9870.0;7264.0
9880.0;7043.0
9890.0;7589.0
9900.0;8095.0
9910.0;7504.0
9920.0;7210.0
9930.0;7041.0
9940.0;7061.0
9950.0;7238.0
9960.0;7514.0
9970.0;7482.0
9980.0;8052.0
9990.0;7402.0
10000.0;7540.0
10010.0;7638.0
10020.0;7491.0
10030.0;7444.0
10040.0;7566.0
10050.0;7530.0
10060.0;7072.0
10070.0;7520.0
10080.0;7617.0
10090.0;7500.0
10100.0;7538.0
10110.0;7549.0
10120.0;6853.0
10130.0;6788.0
10140.0;6879.0
10150.0;7861.0
10160.0;8147.0
10170.0;7247.0
10180.0;8106.0
10190.0;6989.0
10200.0;7089.0
10210.0;6912.0
10220.0;7506.0
10230.0;7581.0
10240.0;8026.0
10250.0;7785.0
10260.0;6918.0
10270.0;7076.0
10280.0;7352.0
10290.0;8148.0
10300.0;7589.0
10310.0;7612.0
10320.0;7627.0
10330.0;7596.0
10340.0;7568.0
10350.0;8357.0
10360.0;8518.0
10370.0;7584.0
10380.0;7418.0
10390.0;7076.0
10400.0;6994.0
10410.0;7796.0
10420.0;8173.0
10430.0;6978.0
10440.0;7008.0
10450.0;6393.0
10460.0;6389.0
10470.0;6194.0
10480.0;6780.0
10490.0;7417.0
10500.0;7425.0
10510.0;7312.0
10520.0;7008.0
10530.0;6550.0
10540.0;6551.0
10550.0;9142.0
10560.0;7047.0
10570.0;6991.0
10580.0;7203.0
10590.0;6886.0
10600.0;6482.0
10610.0;6809.0
10620.0;6891.0
10630.0;7006.0
10640.0;7106.0
10650.0;6177.0
10660.0;7008.0
10670.0;6886.0
10680.0;7212.0
10690.0;7459.0
10700.0;6842.0
10710.0;6978.0
10720.0;6337.0
10730.0;6402.0
10740.0;7389.0
10750.0;7706.0
10760.0;7257.0
10770.0;6937.0
10780.0;6527.0
10790.0;6550.0
10800.0;6325.0
10810.0;6666.0
10820.0;6878.0
10830.0;7338.0
10840.0;7541.0
10850.0;6844.0
10860.0;7097.0
10870.0;6471.0
10880.0;7023.0
10890.0;6817.0
10900.0;6921.0
10910.0;6930.0
10920.0;6929.0
10930.0;7016.0
10940.0;6535.0
10950.0;6994.0
10960.0;6978.0
10970.0;6973.0
10980.0;6410.0
10990.0;6994.0
11000.0;6926.0
11010.0;7328.0
11020.0;7432.0
11030.0;7627.0
11040.0;6875.0
11050.0;6558.0
11060.0;6386.0
11070.0;6532.0
11080.0;6985.0
11090.0;7526.0
11100.0;7434.0
11110.0;6583.0
11120.0;6505.0
11130.0;6449.0
11140.0;6728.0
11150.0;7054.0
11160.0;6847.0
11170.0;7468.0
11180.0;7672.0
11190.0;7522.0
11200.0;7734.0
11210.0;7606.0
11220.0;7422.0
11230.0;7366.0
11240.0;7665.0
11250.0;7010.0
11260.0;7620.0
11270.0;7672.0
11280.0;7519.0
11290.0;7559.0
11300.0;7495.0
11310.0;7077.0
11320.0;7099.0
11330.0;6939.0
11340.0;7829.0
11350.0;8142.0
11360.0;8097.0
11370.0;8228.0
11380.0;7055.0
11390.0;13570.000000000002
11400.0;7130.0
11410.0;7420.0
11420.0;7438.0
11430.0;8085.0
11440.0;7812.0
11450.0;7086.0
11460.0;7029.0
11470.0;7290.0
11480.0;7574.0
11490.0;8105.0
11500.0;7389.0
11510.0;7436.0
11520.0;7653.0
11530.0;7599.0
11540.0;7878.0
11550.0;7472.0
11560.0;7630.0
11570.0;7527.0
11580.0;6888.0
11590.0;7068.0
11600.0;7634.0
11610.0;7755.0
11620.0;7519.0
11630.0;7572.0
11640.0;7189.0
11650.0;7128.0
11660.0;6947.0
11670.0;7647.0
11680.0;7891.0
11690.0;8201.0
11700.0;8287.0
11710.0;7592.0
11720.0;6812.0
11730.0;7409.0
11740.0;7618.0
11750.0;7700.0
11760.0;7508.0
11770.0;8053.0
11780.0;7416.0
11790.0;7190.0
11800.0;7090.0
11810.0;7469.0
11820.0;7638.0
11830.0;7559.0
11840.0;7111.0
11850.0;7585.0
11860.0;7648.0
11870.0;7840.0
11880.0;8104.0
11890.0;7565.0
11900.0;7598.0
11910.0;7094.0
11920.0;7189.0
11930.0;7115.0
11940.0;7469.0
11950.0;7319.0
11960.0;6889.0
11970.0;6735.0
11980.0;6528.0
11990.0;6589.0
12000.0;6653.0
12010.0;6901.0
12020.0;7481.0
12030.0;7395.0
12040.0;6991.0
12050.0;7104.0
12060.0;6213.0
12070.0;6996.0
12080.0;7071.0
12090.0;6854.0
12100.0;6969.0
12110.0;7092.0
12120.0;6831.0
12130.0;12590.000000000002
12140.0;6978.0
12150.0;6906.0
12160.0;6878.0
12170.0;6718.0
12180.0;7039.0
12190.0;6948.0
12200.0;7254.0
12210.0;7471.0
12220.0;7559.0
12230.0;6952.0
12240.0;13070.000000000002
12250.0;6307.0
12260.0;6424.0
12270.0;7036.0
12280.0;7524.0
12290.0;7433.0
12300.0;7053.0
12310.0;6499.0
12320.0;6517.0
12330.0;7165.0
12340.0;6863.0
12350.0;6982.0
12360.0;7530.0
12370.0;6963.0
12380.0;6995.0
12390.0;7159.0
12400.0;6671.0
12410.0;6831.0
12420.0;6782.0
12430.0;6875.0
12440.0;6410.0
12450.0;6906.0
12460.0;6913.0
12470.0;6941.0
12480.0;6924.0
12490.0;6944.0
12500.0;6725.0
12510.0;6402.0
12520.0;6349.0
12530.0;7323.0
12540.0;7532.0
12550.0;7272.0
12560.0;13770.000000000002
12570.0;6514.0
12580.0;6355.0
12590.0;6558.0
12600.0;6982.0
12610.0;6981.0
12620.0;7396.0
12630.0;7439.0
12640.0;6369.0
12650.0;6240.0
12660.0;6393.0
12670.0;6937.0
12680.0;7527.0
12690.0;7497.0
12700.0;7816.0
12710.0;7497.0
12720.0;7319.0
12730.0;7946.0
12740.0;7538.0
12750.0;7607.0
12760.0;7518.0
12770.0;7098.0
12780.0;7075.0
12790.0;7603.0
12800.0;8102.0
12810.0;7599.0
12820.0;7406.0
12830.0;7609.0
12840.0;7103.0
12850.0;7092.0
12860.0;7642.0
12870.0;8123.0
12880.0;8077.0
12890.0;8060.0
12900.0;7743.0
12910.0;7067.0
12920.0;7119.0
12930.0;7421.0
12940.0;7573.0
12950.0;7704.0
12960.0;8169.0
12970.0;7356.0
12980.0;7205.0
12990.0;6974.0
13000.0;7608.0
13010.0;7632.0
13020.0;7578.0
13030.0;7130.0
13040.0;7644.0
13050.0;7611.0
13060.0;7789.0
13070.0;8075.0
13080.0;7599.0
13090.0;7533.0
13100.0;13540.000000000002
13110.0;7057.0
13120.0;7147.0
13130.0;8086.0
13140.0;8120.0
13150.0;7434.0
13160.0;7443.0
13170.0;7098.0
13180.0;7137.0
13190.0;7055.0
13200.0;7483.0
13210.0;14970.000000000002
13220.0;8107.0
13230.0;7830.0
13240.0;7756.0
13250.0;7138.0
13260.0;7364.0
13270.0;7580.0
13280.0;7593.0
13290.0;7524.0
13300.0;7669.0
13310.0;7531.0
13320.0;6877.0
13330.0;7586.0
13340.0;7456.0
13350.0;7439.0
13360.0;7540.0
13370.0;7189.0
13380.0;7507.0
13390.0;7835.0
13400.0;8042.0
13410.0;8254.0
13420.0;14630.000000000002
13430.0;6428.0
13440.0;6461.0
13450.0;6434.0
13460.0;6621.0
13470.0;6919.0
13480.0;7485.0
13490.0;7008.0
13500.0;6532.0
13510.0;7086.0
13520.0;6482.0
13530.0;6855.0
13540.0;6897.0
13550.0;6635.0
13560.0;7262.0
13570.0;6944.0
13580.0;7101.0
13590.0;6785.0
13600.0;7002.0
13610.0;6897.0
13620.0;6943.0
13630.0;6462.0
13640.0;6562.0
13650.0;7136.0
13660.0;6978.0
13670.0;6828.0
13680.0;6852.0
13690.0;6988.0
13700.0;6730.0
13710.0;6518.0
13720.0;7075.0
13730.0;7487.0
13740.0;7453.0
13750.0;7537.0
13760.0;6758.0
13770.0;6554.0
13780.0;6485.0
13790.0;6764.0
13800.0;7960.0
13810.0;6939.0
13820.0;7352.0
13830.0;6569.0
13840.0;6495.0
13850.0;6325.0
13860.0;6936.0
13870.0;6810.0
13880.0;6868.0
13890.0;7176.0
13900.0;6976.0
13910.0;7002.0
13920.0;7189.0
13930.0;7105.0
13940.0;6946.0
13950.0;6945.0
13960.0;6512.0
13970.0;6322.0
13980.0;6422.0
13990.0;7190.0
14000.0;6937.0
14010.0;6965.0
14020.0;6915.0
14030.0;6522.0
14040.0;6634.0
14050.0;6414.0
14060.0;7525.0
14070.0;7530.0
14080.0;7490.0
14090.0;7078.0
14100.0;6681.0
14110.0;7401.0
14120.0;6773.0
14130.0;6994.0
14140.0;6971.0
14150.0;7094.0
14160.0;6959.0
14170.0;6575.0
14180.0;6981.0
14190.0;7614.0
14200.0;7616.0
14210.0;7582.0
14220.0;7474.0
14230.0;7724.0
14240.0;7597.0
14250.0;7765.0
14260.0;8179.0
14270.0;7825.0
14280.0;7616.0
14290.0;7340.0
14300.0;7222.0
14310.0;6815.0
14320.0;7264.0
14330.0;8113.0
14340.0;7568.0
14350.0;7567.0
14360.0;6977.0
14370.0;6783.0
14380.0;6999.0
14390.0;7610.0
14400.0;8059.0
14410.0;8056.0
14420.0;7857.0
14430.0;7603.0
14440.0;7171.0
14450.0;7310.0
14460.0;7619.0
14470.0;7651.0
14480.0;7401.0
14490.0;9207.0
14500.0;7643.0
14510.0;7208.0
14520.0;7563.0
14530.0;7562.0
14540.0;7400.0
14550.0;7409.0
14560.0;6855.0
14570.0;7522.0
14580.0;13970.000000000002
14590.0;8078.0
14600.0;8185.0
14610.0;9012.0
14620.0;7331.0
14630.0;7125.0
14640.0;7132.0
14650.0;7293.0
14660.0;7657.0
14670.0;8135.0
14680.0;7602.0
14690.0;7036.0
14700.0;7014.0
14710.0;7104.0
14720.0;7498.0
14730.0;7434.0
14740.0;8156.0
14750.0;8154.0
14760.0;7583.0
14770.0;7678.0
14780.0;7568.0
14790.0;7603.0
14800.0;7608.0
14810.0;7490.0
14820.0;7077.0
14830.0;7200.0
14840.0;7626.0
14850.0;7405.0
14860.0;7433.0
14870.0;7671.0
14880.0;7570.0
14890.0;7017.0
14900.0;7001.0
14910.0;7572.0
14920.0;8183.0
14930.0;7346.0
14940.0;7563.0
14950.0;6930.0
14960.0;6341.0
14970.0;6508.0
14980.0;6764.0
14990.0;8115.0
15000.0;7174.0
15010.0;7603.0
15020.0;6492.0
15030.0;6445.0
15040.0;6461.0
15050.0;6644.0
15060.0;6879.0
15070.0;6908.0
15080.0;7579.0
15090.0;7003.0
15100.0;6994.0
15110.0;7018.0
15120.0;7449.0
15130.0;6902.0
15140.0;6903.0
15150.0;6622.0
15160.0;6595.0
15170.0;6443.0
15180.0;7166.0
15190.0;6858.0
15200.0;8572.0
15210.0;6993.0
15220.0;6507.0
15230.0;6549.0
15240.0;5450.0
15250.0;7084.0
15260.0;7513.0
15270.0;7496.0
15280.0;7437.0
15290.0;6966.0
15300.0;6460.0
15310.0;7088.0
15320.0;6973.0
15330.0;6886.0
15340.0;6825.0
15350.0;6833.0
15360.0;6390.0
15370.0;7024.0
15380.0;6598.0
15390.0;6845.0
15400.0;6848.0
15410.0;6828.0
15420.0;6568.0
15430.0;6872.0
15440.0;6938.0
15450.0;7428.0
15460.0;7529.0
15470.0;6831.0
15480.0;6506.0
15490.0;6504.0
15500.0;6462.0
15510.0;7087.0
15520.0;13890.000000000002
15530.0;6827.0
15540.0;6928.0
15550.0;6384.0
15560.0;6404.0
15570.0;6470.0
15580.0;6846.0
15590.0;6872.0
15600.0;7317.0
15610.0;7439.0
15620.0;6919.0
15630.0;6879.0
15640.0;6378.0
15650.0;6921.0
15660.0;6828.0
15670.0;6924.0
15680.0;3427.0
15690.0;6864.0
15700.0;6579.0
15710.0;6572.0
15720.0;6838.0
15730.0;6846.0
15740.0;6886.0
15750.0;6298.0
15760.0;6367.0
15770.0;6837.0
15780.0;7472.0
15790.0;7452.0
15800.0;7528.0
15810.0;6885.0
15820.0;6354.0
15830.0;6229.0
15840.0;6839.0
15850.0;6888.0
15860.0;7433.0
15870.0;7173.0
15880.0;6269.0
15890.0;6987.0
15900.0;7142.0
15910.0;7167.0
15920.0;7602.0
15930.0;7517.0
15940.0;14420.000000000002
15950.0;8100.0
15960.0;7521.0
15970.0;7660.0
15980.0;7596.0
15990.0;7391.0
16000.0;7652.0
16010.0;6855.0
16020.0;7041.0
16030.0;7603.0
16040.0;7245.0
16050.0;7393.0
16060.0;7573.0
16070.0;7299.0
16080.0;7091.0
16090.0;7317.0
16100.0;7008.0
16110.0;7957.0
16120.0;7999.0
16130.0;8231.0
16140.0;8267.0
16150.0;6997.0
16160.0;6845.0
16170.0;6988.0
16180.0;7626.0
16190.0;7626.0
16200.0;8055.0
16210.0;7278.0
16220.0;6826.0
16230.0;7000.0
16240.0;7392.0
16250.0;7563.0
16260.0;7515.0
16270.0;7682.0
16280.0;7557.0
16290.0;7519.0
16300.0;7657.0
16310.0;8221.0
16320.0;7601.0
16330.0;7615.0
16340.0;7470.0
16350.0;7079.0
16360.0;7139.0
16370.0;7636.0
16380.0;7632.0
16390.0;7596.0
16400.0;7640.0
16410.0;7210.0
16420.0;7019.0
16430.0;6835.0
16440.0;7356.0
16450.0;8167.0
16460.0;8162.0
16470.0;8175.0
16480.0;7605.0
16490.0;6802.0
16500.0;7035.0
16510.0;7433.0
16520.0;7968.0
16530.0;7450.0
16540.0;7841.0
16550.0;7494.0
16560.0;6915.0
16570.0;7319.0
16580.0;7610.0
16590.0;7541.0
16600.0;7482.0
16610.0;7095.0
16620.0;7508.0
16630.0;7674.0
16640.0;7953.0
16650.0;7539.0
16660.0;6823.0
16670.0;6967.0
16680.0;6286.0
16690.0;6209.0
16700.0;6429.0
16710.0;7468.0
16720.0;7346.0
16730.0;6972.0
16740.0;6549.0
16750.0;6234.0
16760.0;6558.0
16770.0;7561.0
16780.0;6791.0
16790.0;7257.0
16800.0;7409.0
16810.0;6994.0
16820.0;7175.0
16830.0;6568.0
16840.0;7008.0
16850.0;7143.0
16860.0;6896.0
16870.0;6944.0
16880.0;6994.0
16890.0;6979.0
16900.0;7139.0
16910.0;6988.0
16920.0;7037.0
16930.0;6813.0
16940.0;6505.0
16950.0;6726.0
16960.0;6948.0
16970.0;7310.0
16980.0;7454.0
16990.0;7501.0
17000.0;6928.0
17010.0;6216.0
17020.0;6176.0
17030.0;6481.0
17040.0;7025.0
17050.0;7478.0
17060.0;7379.0
17070.0;6692.0
17080.0;6696.0
17090.0;6498.0
17100.0;6755.0
17110.0;7554.0
17120.0;6917.0
17130.0;7551.0
17140.0;7039.0
17150.0;6945.0
17160.0;7143.0
17170.0;6950.0
17180.0;6967.0
17190.0;6827.0
17200.0;6984.0
17210.0;6603.0
17220.0;6433.0
17230.0;7011.0
17240.0;7045.0
17250.0;6908.0
17260.0;6914.0
17270.0;6812.0
17280.0;6428.0
17290.0;6563.0
17300.0;7389.0
17310.0;7569.0
17320.0;7458.0
17330.0;7721.0
17340.0;6313.0
17350.0;6275.0
17360.0;6427.0
17370.0;6923.0
17380.0;6916.0
17390.0;7386.0
17400.0;7631.0
17410.0;7108.0
17420.0;7078.0
17430.0;7787.0
17440.0;7523.0
17450.0;7490.0
17460.0;7497.0
17470.0;7628.0
17480.0;7659.0
17490.0;7482.0
17500.0;8001.0
17510.0;7561.0
17520.0;7636.0
17530.0;7613.0
17540.0;7164.0
17550.0;7273.0
17560.0;7428.0
17570.0;8081.0
17580.0;8166.0
17590.0;7490.0
17600.0;7295.0
17610.0;7223.0
17620.0;6941.0
17630.0;7754.0
17640.0;8283.0
17650.0;8174.0
17660.0;8044.0
17670.0;7672.0
17680.0;6982.0
17690.0;6918.0
17700.0;7496.0
17710.0;7354.0
17720.0;7575.0
17730.0;7709.0
17740.0;7468.0
17750.0;7707.0
17760.0;7036.0
17770.0;7451.0
17780.0;7620.0
17790.0;7442.0
17800.0;7262.0
17810.0;7624.0
17820.0;7520.0
17830.0;7701.0
17840.0;8216.0
17850.0;7434.0
17860.0;7538.0
17870.0;7125.0
17880.0;6864.0
17890.0;6878.0
17900.0;7793.0
17910.0;7943.0
17920.0;7643.0
17930.0;7441.0
17940.0;7067.0
17950.0;7149.0
17960.0;7246.0
17970.0;7399.0
17980.0;8154.0
17990.0;8204.0
18000.0;7482.0
18010.0;7731.0
18020.0;6768.0
18030.0;7488.0
18040.0;7413.0
18050.0;7432.0
18060.0;7540.0
18070.0;7087.0
18080.0;7489.0
18090.0;7152.0
18100.0;7652.0
18110.0;7432.0
18120.0;7590.0
18130.0;6807.0
18140.0;6463.0
18150.0;7080.0
18160.0;7334.0
18170.0;7468.0
18180.0;7672.0
18190.0;6810.0
18200.0;6449.0
18210.0;6371.0
18220.0;6399.0
18230.0;6917.0
18240.0;7228.0
18250.0;6655.0
18260.0;6938.0
18270.0;6577.0
18280.0;6428.0
18290.0;7034.0
18300.0;6869.0
18310.0;6778.0
18320.0;7401.0
18330.0;7079.0
18340.0;6885.0
18350.0;7138.0
18360.0;6547.0
18370.0;6867.0
18380.0;6938.0
18390.0;6832.0
18400.0;6461.0
18410.0;7096.0
18420.0;7021.0
18430.0;6882.0
18440.0;6926.0
18450.0;6954.0
18460.0;6730.0
18470.0;6435.0
18480.0;6552.0
18490.0;7306.0
18500.0;7406.0
18510.0;7242.0
18520.0;7595.0
18530.0;6423.0
18540.0;6490.0
18550.0;6224.0
18560.0;6526.0
18570.0;6983.0
18580.0;7015.0
18590.0;7318.0
18600.0;6429.0
18610.0;6561.0
18620.0;6398.0
18630.0;6813.0
18640.0;6934.0
18650.0;6983.0
18660.0;7281.0
18670.0;7008.0
18680.0;6972.0
18690.0;7412.0
18700.0;6929.0
18710.0;7030.0
18720.0;7041.0
18730.0;6293.0
18740.0;6368.0
18750.0;6373.0
18760.0;7463.0
18770.0;6962.0
18780.0;6918.0
18790.0;7051.0
18800.0;6411.0
18810.0;6407.0
18820.0;6751.0
18830.0;7538.0
18840.0;7595.0
18850.0;7265.0
18860.0;7045.0
18870.0;6547.0
18880.0;6986.0
18890.0;7371.0
18900.0;7375.0
18910.0;7602.0
18920.0;7743.0
18930.0;7520.0
18940.0;8743.0
18950.0;7044.0
18960.0;7623.0
18970.0;7620.0
18980.0;7628.0
18990.0;7399.0
19000.0;7637.0
19010.0;7616.0
19020.0;7686.0
19030.0;8112.0
19040.0;7445.0
19050.0;7625.0
19060.0;7034.0
19070.0;7104.0
19080.0;7017.0
19090.0;7496.0
19100.0;8065.0
19110.0;7518.0
19120.0;7553.0
19130.0;6924.0
19140.0;6938.0
19150.0;7160.0
19160.0;7526.0
19170.0;7976.0
19180.0;8062.0
19190.0;7893.0
19200.0;7599.0
19210.0;7042.0
19220.0;7281.0
19230.0;7453.0
19240.0;7572.0
19250.0;7438.0
19260.0;7382.0
19270.0;7650.0
19280.0;7043.0
19290.0;7436.0
19300.0;7468.0
19310.0;7507.0
19320.0;7535.0
19330.0;6820.0
19340.0;7570.0
19350.0;7604.0
19360.0;8072.0
19370.0;8266.0
19380.0;7637.0
19390.0;7205.0
19400.0;7169.0
19410.0;7091.0
19420.0;7313.0
19430.0;7872.0
19440.0;7829.0
19450.0;7699.0
19460.0;7177.0
19470.0;7215.0
19480.0;6900.0
19490.0;7506.0
19500.0;7604.0
19510.0;8960.0
19520.0;8118.0
19530.0;7571.0
19540.0;7621.0
19550.0;7243.0
19560.0;7517.0
19570.0;7631.0
19580.0;7458.0
19590.0;7214.0
19600.0;7578.0
19610.0;9951.0
19620.0;7282.0
19630.0;6955.0
19640.0;6858.0
19650.0;7014.0
19660.0;6437.0
19670.0;6281.0
19680.0;6903.0
19690.0;7544.0
19700.0;7435.0
19710.0;7525.0
19720.0;6655.0
19730.0;6532.0
19740.0;6336.0
19750.0;6571.0
19760.0;6845.0
19770.0;6982.0
19780.0;7445.0
19790.0;6469.0
19800.0;6200.0
19810.0;6380.0
19820.0;6881.0
19830.0;7071.0
19840.0;6938.0
19850.0;7475.0
19860.0;6973.0
19870.0;6821.0
19880.0;7235.0
19890.0;7005.0
19900.0;7006.0
19910.0;7014.0
19920.0;9579.0
19930.0;6559.0
19940.0;6965.0
19950.0;7091.0
19960.0;6968.0
19970.0;6956.0
19980.0;6992.0
19990.0;6456.0
20000.0;6471.0
20010.0;6503.0
20020.0;7618.0
20030.0;7570.0
20040.0;7446.0
20050.0;7293.0
20060.0;6234.0
20070.0;6331.0
20080.0;6777.0
20090.0;6980.0
20100.0;6799.0
20110.0;7032.0
20120.0;6542.0
20130.0;6465.0
20140.0;6504.0
20150.0;6887.0
20160.0;6986.0
20170.0;7013.0
20180.0;6766.0
20190.0;7001.0
20200.0;6890.0
20210.0;6932.0
20220.0;7578.0
20230.0;6795.0
20240.0;6831.0
20250.0;6630.0
20260.0;6470.0
20270.0;6444.0
20280.0;7287.0
20290.0;7528.0
20300.0;6974.0
20310.0;6887.0
20320.0;6398.0
20330.0;6386.0
20340.0;11170.000000000002
20350.0;7012.0
20360.0;7564.0
20370.0;6962.0
20380.0;7887.0
20390.0;7601.0
20400.0;7017.0
20410.0;7662.0
20420.0;7476.0
20430.0;7410.0
20440.0;7586.0
20450.0;7148.0
20460.0;7663.0
20470.0;7116.0
20480.0;7387.0
20490.0;7569.0
20500.0;7532.0
20510.0;7632.0
20520.0;9154.0
20530.0;7651.0
20540.0;7546.0
20550.0;8106.0
20560.0;8191.0
20570.0;7741.0
20580.0;7427.0
20590.0;7127.0
20600.0;7046.0
20610.0;7765.0
20620.0;7405.0
20630.0;8137.0
20640.0;7526.0
20650.0;7047.0
20660.0;6812.0
20670.0;7041.0
20680.0;7410.0
20690.0;7430.0
20700.0;7886.0
20710.0;7974.0
20720.0;7628.0
20730.0;7666.0
20740.0;7509.0
20750.0;7611.0
20760.0;7589.0
20770.0;7613.0
20780.0;7225.0
20790.0;7166.0
20800.0;7581.0
20810.0;7352.0
20820.0;7507.0
20830.0;7441.0
20840.0;7605.0
20850.0;7001.0
20860.0;7142.0
20870.0;7619.0
20880.0;8215.0
20890.0;8187.0
20900.0;8060.0
20910.0;8039.0
20920.0;7008.0
20930.0;7184.0
20940.0;6986.0
20950.0;7584.0
20960.0;7638.0
20970.0;8074.0
20980.0;6976.0
20990.0;6879.0
21000.0;6977.0
21010.0;7335.0
21020.0;7462.0
21030.0;7486.0
21040.0;8032.0
21050.0;7556.0
21060.0;7431.0
21070.0;7573.0
21080.0;8035.0
21090.0;7662.0
21100.0;7601.0
21110.0;7246.0
21120.0;5926.0
21130.0;6302.0
21140.0;6950.0
21150.0;6977.0
21160.0;6947.0
21170.0;6856.0
21180.0;6447.0
21190.0;6388.0
21200.0;6481.0
21210.0;7297.0
21220.0;7406.0
21230.0;7359.0
21240.0;7412.0
21250.0;6772.0
21260.0;6343.0
21270.0;6408.0
21280.0;7019.0
21290.0;6865.0
21300.0;7000.0
21310.0;7162.0
21320.0;6564.0
21330.0;6306.0
21340.0;6699.0
21350.0;6981.0
21360.0;6980.0
21370.0;6225.0
21380.0;7020.0
21390.0;6967.0
21400.0;6944.0
21410.0;7553.0
21420.0;6980.0
21430.0;7000.0
21440.0;6977.0
21450.0;6288.0
21460.0;6434.0
21470.0;7016.0
21480.0;7260.0
21490.0;6911.0
21500.0;6982.0
21510.0;6584.0
21520.0;6540.0
21530.0;6601.0
21540.0;6702.0
21550.0;7487.0
21560.0;7421.0
21570.0;7301.0
21580.0;6978.0
21590.0;6395.0
21600.0;6445.0
21610.0;6939.0
21620.0;6921.0
21630.0;6909.0
21640.0;6873.0
21650.0;7049.0
21660.0;6455.0
21670.0;6744.0
21680.0;6969.0
21690.0;6872.0
21700.0;6928.0
21710.0;6423.0
21720.0;7051.0
21730.0;7040.0
21740.0;7091.0
21750.0;7710.0
21760.0;6937.0
21770.0;6973.0
21780.0;6500.0
21790.0;10750.0
21800.0;6431.0
21810.0;7259.0
21820.0;7178.0
21830.0;6840.0
21840.0;6841.0
21850.0;6538.0
21860.0;6453.0
21870.0;6845.0
21880.0;7608.0
21890.0;8120.0
21900.0;8179.0
21910.0;7340.0
21920.0;7745.0
21930.0;6884.0
21940.0;7514.0
21950.0;7531.0
21960.0;7672.0
21970.0;7441.0
21980.0;7601.0
21990.0;7048.0
22000.0;7104.0
22010.0;7485.0
22020.0;7663.0
22030.0;7482.0
22040.0;7519.0
22050.0;7185.0
22060.0;7429.0
22070.0;7939.0
22080.0;8071.0
22090.0;8233.0
22100.0;7574.0
22110.0;6912.0
22120.0;7031.0
22130.0;7101.0
22140.0;7606.0
22150.0;8109.0
22160.0;7877.0
22170.0;7376.0
22180.0;6987.0
22190.0;6964.0
22200.0;7247.0
22210.0;7510.0
22220.0;7548.0
22230.0;8068.0
22240.0;7582.0
22250.0;7745.0
22260.0;7493.0
22270.0;7422.0
22280.0;7649.0
22290.0;7590.0
22300.0;7530.0
22310.0;7596.0
22320.0;7565.0
22330.0;7098.0
22340.0;7417.0
22350.0;7585.0
22360.0;7640.0
22370.0;7278.0
22380.0;6948.0
22390.0;7692.0
22400.0;7753.0
22410.0;8122.0
22420.0;8067.0
22430.0;9881.0
22440.0;7086.0
22450.0;7092.0
22460.0;6971.0
22470.0;7518.0
22480.0;7661.0
22490.0;8550.0
22500.0;7646.0
22510.0;6864.0
22520.0;7077.0
22530.0;7103.0
22540.0;7540.0
22550.0;8783.0
22560.0;7518.0
22570.0;7728.0
22580.0;7732.0
22590.0;7559.0
22600.0;7961.0
22610.0;7548.0
22620.0;7722.0
22630.0;7036.0
22640.0;6606.0
22650.0;6511.0
22660.0;6943.0
22670.0;7179.0
22680.0;5968.0
22690.0;6990.0
22700.0;7020.0
22710.0;6998.0
22720.0;6483.0
22730.0;7003.0
22740.0;7305.0
22750.0;7447.0
22760.0;7496.0
22770.0;7113.0
22780.0;6470.0
22790.0;6532.0
22800.0;6849.0
22810.0;7038.0
22820.0;7016.0
22830.0;7460.0
22840.0;6900.0
22850.0;6522.0
22860.0;6568.0
22870.0;7002.0
22880.0;6890.0
22890.0;7028.0
22900.0;6501.0
22910.0;6777.0
22920.0;6967.0
22930.0;7201.0
22940.0;7607.0
22950.0;7011.0
22960.0;6865.0
22970.0;6546.0
22980.0;6442.0
22990.0;6595.0
23000.0;7554.0
23010.0;7458.0
23020.0;7095.0
23030.0;7038.0
23040.0;6369.0
23050.0;6415.0
23060.0;6494.0
23070.0;6831.0
23080.0;7502.0
23090.0;7422.0
23100.0;7190.0
23110.0;7152.0
23120.0;6245.0
23130.0;6766.0
23140.0;6848.0
23150.0;6792.0
23160.0;6957.0
23170.0;12390.000000000002
23180.0;6621.0
23190.0;6344.0
23200.0;6949.0
23210.0;7115.0
23220.0;6901.0
23230.0;7004.0
23240.0;6387.0
23250.0;6883.0
23260.0;7217.0
23270.0;7331.0
23280.0;7474.0
23290.0;6948.0
23300.0;6351.0
23310.0;6415.0
23320.0;6523.0
23330.0;6625.0
23340.0;7549.0
23350.0;7399.0
23360.0;6942.0
23370.0;7007.0
23380.0;7006.0
23390.0;7063.0
23400.0;7579.0
23410.0;7667.0
23420.0;8125.0
23430.0;7740.0
23440.0;7524.0
23450.0;7735.0
23460.0;7494.0
23470.0;7383.0
23480.0;7451.0
23490.0;7382.0
23500.0;6895.0
23510.0;7091.0
23520.0;7581.0
23530.0;7621.0
23540.0;7521.0
23550.0;7522.0
23560.0;7375.0
23570.0;7255.0
23580.0;7193.0
23590.0;7567.0
23600.0;8141.0
23610.0;7862.0
23620.0;8200.0
23630.0;7306.0
23640.0;7215.0
23650.0;7117.0
23660.0;7472.0
23670.0;7613.0
23680.0;8048.0
23690.0;7916.0
23700.0;7076.0
23710.0;6919.0
23720.0;7045.0
23730.0;7431.0
23740.0;7524.0
23750.0;7403.0
23760.0;8173.0
23770.0;7669.0
23780.0;7557.0
23790.0;7814.0
23800.0;7626.0
23810.0;7510.0
23820.0;7604.0
23830.0;7238.0
23840.0;7181.0
23850.0;7504.0
23860.0;7693.0
23870.0;7599.0
23880.0;7523.0
23890.0;7459.0
23900.0;6873.0
23910.0;6984.0
23920.0;7036.0
23930.0;8139.0
23940.0;8142.0
23950.0;7997.0
23960.0;7820.0
23970.0;7034.0
23980.0;7025.0
23990.0;7346.0
24000.0;7579.0
24010.0;7446.0
24020.0;7609.0
24030.0;7764.0
24040.0;7007.0
24050.0;7054.0
24060.0;7610.0
24070.0;7444.0
24080.0;7606.0
24090.0;7532.0
24100.0;7510.0
24110.0;7377.0
24120.0;7395.0
24130.0;7523.0
24140.0;7453.0
24150.0;6977.0
24160.0;6846.0
24170.0;6370.0
24180.0;6451.0
24190.0;6757.0
24200.0;7552.0
24210.0;6994.0
24220.0;11780.000000000002
24230.0;6388.0
24240.0;6555.0
24250.0;6424.0
24260.0;7037.0
24270.0;7592.0
24280.0;7535.0
24290.0;7145.0
24300.0;7016.0
24310.0;7057.0
24320.0;6729.0
24330.0;6980.0
24340.0;6842.0
24350.0;6887.0
24360.0;6647.0
24370.0;7005.0
24380.0;6210.0
24390.0;6539.0
24400.0;6945.0
24410.0;7035.0
24420.0;6871.0
24430.0;6583.0
24440.0;6919.0
24450.0;6885.0
24460.0;7369.0
24470.0;7570.0
24480.0;7207.0
24490.0;6686.0
24500.0;5864.0
24510.0;6397.0
24520.0;6623.0
24530.0;6971.0
24540.0;7585.0
24550.0;7051.0
24560.0;6308.0
24570.0;6304.0
24580.0;6466.0
24590.0;7017.0
24600.0;6981.0
24610.0;7630.0
24620.0;7510.0
24630.0;7127.0
24640.0;7176.0
24650.0;6687.0
24660.0;7609.0
24670.0;6900.0
24680.0;6973.0
24690.0;6705.0
24700.0;6550.0
24710.0;6905.0
24720.0;6676.0
24730.0;6931.0
24740.0;6821.0
24750.0;6937.0
24760.0;6467.0
24770.0;6379.0
24780.0;7101.0
24790.0;7328.0
24800.0;7502.0
24810.0;7491.0
24820.0;6927.0
24830.0;6321.0
24840.0;6314.0
24850.0;6610.0
24860.0;6842.0
24870.0;7110.0
24880.0;8099.0
24890.0;7159.0
24900.0;7040.0
24910.0;7116.0
24920.0;7293.0
24930.0;7566.0
24940.0;7497.0
24950.0;8071.0
24960.0;7561.0
24970.0;7595.0
24980.0;7680.0
24990.0;7721.0
25000.0;7614.0
25010.0;7589.0
25020.0;7288.0
25030.0;6888.0
25040.0;7048.0
25050.0;7290.0
25060.0;7516.0
25070.0;7560.0
25080.0;7550.0
25090.0;7045.0
25100.0;7052.0
25110.0;7074.0
25120.0;8161.0
25130.0;8000.0
25140.0;8108.0
25150.0;8192.0
25160.0;7039.0
25170.0;6902.0
25180.0;6972.0
25190.0;7574.0
25200.0;7632.0
25210.0;7831.0
25220.0;7699.0
25230.0;7080.0
25240.0;7037.0
25250.0;7335.0
25260.0;7652.0
25270.0;7627.0
25280.0;7510.0
25290.0;7566.0
25300.0;7604.0
25310.0;7594.0
25320.0;8122.0
25330.0;7624.0
25340.0;7588.0
25350.0;7644.0
25360.0;7024.0
25370.0;7203.0
25380.0;7043.0
25390.0;7995.0
25400.0;7512.0
25410.0;7612.0
25420.0;7025.0
25430.0;7070.0
25440.0;6955.0
25450.0;7303.0
25460.0;8093.0
25470.0;8165.0
25480.0;8062.0
25490.0;7761.0
25500.0;7137.0
25510.0;7124.0
25520.0;7622.0
25530.0;7531.0
25540.0;7487.0
25550.0;7560.0
25560.0;7512.0
25570.0;13750.000000000002
25580.0;7357.0
25590.0;7355.0
25600.0;7642.0
25610.0;7589.0
25620.0;6952.0
25630.0;7308.0
25640.0;6979.0
25650.0;7332.0
25660.0;7764.0
25670.0;6904.0
25680.0;6794.0
25690.0;6149.0
25700.0;6265.0
25710.0;6286.0
25720.0;7540.0
25730.0;7454.0
25740.0;6861.0
25750.0;6678.0
25760.0;6390.0
25770.0;6398.0
25780.0;6471.0
25790.0;6817.0
25800.0;8645.0
25810.0;7604.0
25820.0;6925.0
25830.0;6970.0
25840.0;6460.0
25850.0;6904.0
25860.0;6795.0
25870.0;6978.0
25880.0;9285.0
25890.0;13990.000000000002
25900.0;6794.0
25910.0;6499.0
25920.0;6844.0
25930.0;7036.0
25940.0;6957.0
25950.0;6513.0
25960.0;6834.0
25970.0;6825.0
25980.0;7337.0
25990.0;7501.0
26000.0;7571.0
26010.0;6871.0
26020.0;6455.0
26030.0;6600.0
26040.0;6485.0
26050.0;6977.0
26060.0;7406.0
26070.0;7011.0
26080.0;6732.0
26090.0;6569.0
26100.0;6587.0
26110.0;6626.0
26120.0;6873.0
26130.0;7279.0
26140.0;7342.0
26150.0;7028.0
26160.0;7061.0
26170.0;7092.0
26180.0;6895.0
26190.0;6992.0
26200.0;6973.0
26210.0;6898.0
26220.0;6465.0
26230.0;6964.0
26240.0;6875.0
26250.0;6875.0
26260.0;6909.0
26270.0;6838.0
26280.0;6743.0
26290.0;6355.0
26300.0;6209.0
26310.0;7106.0
26320.0;7518.0
26330.0;7469.0
26340.0;7502.0
26350.0;6572.0
26360.0;6381.0
26370.0;6460.0
26380.0;7640.0
26390.0;7471.0
26400.0;7974.0
26410.0;7165.0
26420.0;6969.0
26430.0;7207.0
26440.0;7932.0
26450.0;7601.0
26460.0;7450.0
26470.0;7686.0
26480.0;7602.0
26490.0;7639.0
26500.0;6749.0
26510.0;7860.0
26520.0;7570.0
26530.0;7635.0
26540.0;7535.0
26550.0;7064.0
26560.0;6896.0
26570.0;7585.0
26580.0;7475.0
26590.0;7373.0
26600.0;7550.0
26610.0;7303.0
26620.0;7036.0
26630.0;7007.0
26640.0;7762.0
26650.0;8104.0
26660.0;8100.0
26670.0;8153.0
26680.0;7338.0
26690.0;7058.0
26700.0;7052.0
26710.0;7586.0
26720.0;7430.0
26730.0;7402.0
26740.0;8221.0
26750.0;7114.0
26760.0;6839.0
26770.0;7168.0
26780.0;8096.0
26790.0;7645.0
26800.0;7420.0
26810.0;7888.0
26820.0;7646.0
26830.0;7496.0
26840.0;7853.0
26850.0;7508.0
26860.0;7649.0
26870.0;7600.0
26880.0;7219.0
26890.0;6819.0
26900.0;7348.0
26910.0;8117.0
26920.0;7447.0
26930.0;7564.0
26940.0;7619.0
26950.0;7051.0
26960.0;6845.0
26970.0;7682.0
26980.0;8163.0
26990.0;8289.0
27000.0;7998.0
27010.0;7799.0
27020.0;6873.0
27030.0;7156.0
27040.0;7352.0
27050.0;7580.0
27060.0;7641.0
27070.0;8009.0
27080.0;7571.0
27090.0;7092.0
27100.0;7159.0
27110.0;7603.0
27120.0;7518.0
27130.0;8209.0
27140.0;6795.0
27150.0;7072.0
27160.0;7045.0
27170.0;7110.0
27180.0;7613.0
27190.0;6914.0
27200.0;7004.0
27210.0;6474.0
27220.0;6594.0
27230.0;6585.0
27240.0;7595.0
27250.0;7871.0
27260.0;6992.0
27270.0;6848.0
27280.0;6556.0
27290.0;6417.0
27300.0;6485.0
27310.0;6875.0
27320.0;7370.0
27330.0;7568.0
27340.0;7279.0
27350.0;7091.0
27360.0;6513.0
27370.0;6774.0
27380.0;7007.0
27390.0;6961.0
27400.0;6947.0
27410.0;6975.0
27420.0;6885.0
27430.0;6556.0
27440.0;7030.0
27450.0;7012.0
27460.0;7008.0
27470.0;6987.0
27480.0;6512.0
27490.0;7000.0
27500.0;7058.0
27510.0;7329.0
27520.0;7453.0
27530.0;7021.0
27540.0;6331.0
27550.0;6491.0
27560.0;6299.0
27570.0;6648.0
27580.0;7514.0
27590.0;7363.0
27600.0;7013.0
27610.0;6613.0
27620.0;6479.0
27630.0;8166.0
27640.0;7022.0
27650.0;6968.0
27660.0;7435.0
27670.0;7167.0
27680.0;6788.0
27690.0;7114.0
27700.0;6687.0
27710.0;7013.0
27720.0;7023.0
27730.0;6891.0
27740.0;6464.0
27750.0;6823.0
27760.0;6843.0
27770.0;6952.0
27780.0;6927.0
27790.0;7014.0
27800.0;6981.0
27810.0;6348.0
27820.0;9322.0
27830.0;7065.0
27840.0;7461.0
27850.0;7447.0
27860.0;7561.0
27870.0;6749.0
27880.0;6383.0
27890.0;6940.0
27900.0;7493.0
27910.0;7407.0
27920.0;8202.0
27930.0;8053.0
27940.0;7030.0
27950.0;7022.0
27960.0;7127.0
27970.0;7759.0
27980.0;7591.0
27990.0;8046.0
28000.0;7708.0
28010.0;7641.0
28020.0;7559.0
28030.0;7856.0
28040.0;7615.0
28050.0;7480.0
28060.0;7617.0
28070.0;6938.0
28080.0;7078.0
28090.0;7669.0
28100.0;7723.0
28110.0;7570.0
28120.0;7605.0
28130.0;7512.0
28140.0;7036.0
28150.0;7089.0
28160.0;7221.0
28170.0;8005.0
28180.0;14540.000000000002
28190.0;7904.0
28200.0;8008.0
28210.0;7201.0
28220.0;7093.0
28230.0;7358.0
28240.0;7503.0
28250.0;7734.0
28260.0;8193.0
28270.0;7473.0
28280.0;7074.0
28290.0;6962.0
28300.0;7625.0
28310.0;7639.0
28320.0;7616.0
28340.0;7496.0
28350.0;7603.0
28360.0;7595.0
28370.0;8340.0
28380.0;7593.0
28390.0;7516.0
28400.0;7218.0
28410.0;7068.0
28420.0;7158.0
28430.0;7807.0
28440.0;8052.0
28450.0;7567.0
28460.0;7606.0
28470.0;7017.0
28480.0;7013.0
28490.0;6917.0
28500.0;7369.0
28510.0;8054.0
28520.0;8132.0
28530.0;8151.0
28540.0;7810.0
28550.0;7021.0
28560.0;7329.0
28580.0;7589.0
28590.0;7558.0
28600.0;7591.0
28610.0;7278.0
28620.0;7039.0
28630.0;7328.0
28640.0;7031.0
28650.0;6991.0
28660.0;6836.0
28670.0;6380.0
28680.0;6897.0
28690.0;6982.0
28700.0;14200.000000000002
28710.0;7511.0
28720.0;6915.0
28730.0;6687.0
28740.0;6370.0
28750.0;6447.0
28760.0;6852.0
28770.0;7529.0
28780.0;7356.0
28790.0;6926.0
28800.0;6501.0
28810.0;6615.0
28820.0;6423.0
28830.0;7163.0
28840.0;6978.0
28850.0;7463.0
28860.0;7561.0
28870.0;7011.0
28880.0;6973.0
28890.0;6452.0
28900.0;6962.0
28910.0;8566.0
28920.0;6935.0
28930.0;6771.0
28940.0;6974.0
28950.0;6879.0
28960.0;6761.0
28970.0;7018.0
28980.0;6948.0
28990.0;7020.0
29000.0;6473.0
29010.0;6561.0
29020.0;6832.0
29030.0;7515.0
29040.0;7511.0
29050.0;7547.0
29060.0;7020.0
29070.0;6326.0
29080.0;6464.0
29090.0;6710.0
29100.0;6998.0
29110.0;7536.0
29120.0;7436.0
29130.0;6418.0
29140.0;6417.0
29150.0;6437.0
29160.0;6765.0
29170.0;7027.0
29180.0;6970.0
29190.0;7617.0
29200.0;7093.0
29210.0;6896.0
29220.0;7204.0
29230.0;7026.0
29240.0;7000.0
29250.0;6946.0
29260.0;6632.0
29270.0;6337.0
29280.0;7013.0
29290.0;6799.0
29300.0;7042.0
29310.0;7007.0
29320.0;6836.0
29330.0;6392.0
29340.0;6435.0
29350.0;6403.0
29360.0;7490.0
29370.0;7487.0
29380.0;9631.0
29390.0;8365.0
29400.0;7003.0
29410.0;7194.0
29420.0;6999.0
29430.0;7590.0
29440.0;7601.0
29450.0;7977.0
29460.0;7552.0
29470.0;7209.0
29480.0;7052.0
29490.0;7471.0
29500.0;8064.0
29510.0;7561.0
29520.0;7606.0
29530.0;7516.0
29540.0;7669.0
29550.0;7709.0
29560.0;8287.0
29570.0;7703.0
29580.0;7529.0
29590.0;7628.0
29600.0;7105.0
29610.0;7214.0
29620.0;7726.0
29630.0;7882.0
29640.0;7625.0
29650.0;7604.0
29660.0;7097.0
29670.0;7175.0
29680.0;6988.0
29690.0;7671.0
29700.0;8030.0
29710.0;8200.0
29720.0;8165.0
29730.0;7620.0
29740.0;7172.0
29750.0;7096.0
29760.0;7606.0
29770.0;7605.0
29780.0;7590.0
29790.0;7731.0
29800.0;7459.0
29810.0;7096.0
29820.0;7337.0
29830.0;7606.0
29840.0;7738.0
29850.0;7628.0
29860.0;7124.0
29870.0;7585.0
29880.0;7614.0
29890.0;8135.0
29900.0;8230.0
29910.0;7620.0
29920.0;7638.0
29930.0;7046.0
29940.0;6945.0
29950.0;6836.0
29960.0;8187.0
29970.0;7998.0
29980.0;7601.0
29990.0;7334.0
30000.0;7054.0
30010.0;7139.0
30020.0;7922.0
30030.0;7577.0
30040.0;8070.0
30050.0;8167.0
30060.0;12010.000000000002
30070.0;7645.0
30080.0;6945.0
30090.0;7705.0
30100.0;7645.0
30110.0;7567.0
30120.0;7580.0
30130.0;7017.0
30140.0;7024.0
30150.0;6577.0
30160.0;7024.0
30170.0;6861.0
30180.0;6972.0
30190.0;6466.0
30200.0;6594.0
30210.0;6970.0
30220.0;7382.0
30230.0;7303.0
30240.0;7597.0
30250.0;6842.0
30260.0;6551.0
30270.0;7965.0
30280.0;6400.0
30290.0;6960.0
30300.0;7453.0
30310.0;7013.0
30320.0;6756.0
30330.0;6379.0
30340.0;6444.0
30350.0;6749.0
30360.0;6989.0
30370.0;7524.0
30380.0;7544.0
30390.0;7099.0
30400.0;6886.0
30410.0;7107.0
30420.0;6975.0
30430.0;6972.0
30440.0;6983.0
30450.0;6982.0
30460.0;6524.0
30470.0;6916.0
30480.0;6968.0
30490.0;6967.0
30500.0;7002.0
30510.0;7057.0
30520.0;6736.0
